,DATE,GDP,permit,house_st,IPI_Cement,unemployed_rate,MSPUS,all_const_emp,PPI_Concrete,monthly_supply,total_emp_cons,p_saving_rate,ushpi,new_private_house,new_private_hw_under,emp_pop_ratio,labor_percent,population,home_ow_rate,PPI_Cement,income
0,1990-01-01,5872.701,1748.0,1551.0,138.1363,5.4,123900.0,710.3,4.81380905109942,7.0,5422.0,7.9,76.527,1753.3157228967682,891.0,63.2,66.8,248743.0,64.1,101.7,4783.8
1,1990-02-01,5872.701,1329.0,1437.0,134.7538,5.3,123900.0,707.3,4.81380905109942,7.6,5416.0,8.5,76.587,1567.8791986121482,898.0,63.2,66.7,248920.0,64.1,101.7,4819.8
2,1990-03-01,5872.701,1246.0,1289.0,132.5115,5.2,123900.0,703.0,4.81380905109942,7.8,5392.0,8.3,76.79,1559.569833739938,885.0,63.2,66.7,249146.0,64.1,102.0,4842.7
3,1990-04-01,5960.028,1136.0,1248.0,127.1853,5.4,126800.0,692.5,4.81380905109942,8.3,5355.0,8.7,77.038,1544.14088753418,872.0,63.0,66.6,249436.0,63.9,102.5,4883.8
4,1990-05-01,5960.028,1067.0,1212.0,123.8842,5.4,126800.0,688.6,4.81380905109942,8.2,5321.0,8.7,77.297,1566.6920837440293,858.0,63.1,66.6,249707.0,63.9,102.5,4889.5
5,1990-06-01,5960.028,1108.0,1177.0,123.1067,5.2,126800.0,681.4,4.81380905109942,7.9,5303.0,8.6,77.505,1462.3095481042915,846.0,62.9,66.4,249990.0,63.9,102.4,4919.3
6,1990-07-01,6015.116,1078.0,1171.0,122.3559,5.5,117000.0,673.9,4.81380905109942,7.8,5274.0,8.7,77.561,1500.2474410628922,831.0,62.8,66.5,250285.0,63.9,102.7,4948.2
7,1990-08-01,6015.116,1069.0,1115.0,119.6385,5.7,117000.0,663.3,4.81380905109942,8.2,5234.0,8.1,77.479,1514.4799275042305,813.0,62.7,66.5,250595.0,63.9,102.8,4949.9
8,1990-09-01,6015.116,976.0,1110.0,118.6876,5.9,117000.0,656.8,4.837867950107113,8.4,5197.0,8.1,77.229,1520.4110487326936,793.0,62.5,66.4,250904.0,63.9,103.5,4978.6
9,1990-10-01,6004.733,925.0,1014.0,113.6963,5.9,121500.0,646.3,4.837867950107113,8.7,5134.0,7.9,76.91199999999999,1484.8324526535146,766.0,62.5,66.4,251201.0,64.0,103.6,4966.5
10,1990-11-01,6004.733,941.0,1145.0,116.5566,6.2,121500.0,633.8,4.864452783918174,8.2,5095.0,8.0,76.381,1444.5339904942202,758.0,62.3,66.4,251486.0,64.0,103.7,4973.5
11,1990-12-01,6004.733,861.0,969.0,108.5216,6.3,121500.0,624.3,4.864452783918174,8.5,5047.0,8.8,75.972,1355.7336032596218,745.0,62.2,66.4,251758.0,64.0,103.8,5004.1
12,1991-01-01,6035.178,786.0,798.0,101.5934,6.4,120000.0,610.0,4.864452783918174,9.4,4972.0,9.4,75.533,1327.3455741338346,716.0,62.0,66.2,252012.0,64.0,105.0,4990.4
13,1991-02-01,6035.178,853.0,965.0,108.6813,6.6,120000.0,600.3,4.867534450455582,7.9,4929.0,9.0,75.249,1257.6188494658538,710.0,61.9,66.2,252253.0,64.0,105.3,4997.1
14,1991-03-01,6035.178,911.0,921.0,105.2613,6.8,120000.0,598.0,4.876722876509988,7.3,4881.0,8.1,75.137,1359.2830836332912,678.0,61.8,66.3,252507.0,64.0,105.8,5005.8
15,1991-04-01,6126.862,916.0,1001.0,104.176,6.7,119900.0,587.6,4.882044059723269,7.3,4842.0,8.7,75.315,1261.1621517003207,670.0,62.0,66.4,252778.0,64.1,106.3,5034.3
16,1991-05-01,6126.862,991.0,996.0,104.1175,6.9,119900.0,584.8,4.882044059723269,7.0,4800.0,8.5,75.768,1234.0027885141042,662.0,61.6,66.2,253060.0,64.1,106.7,5055.9
17,1991-06-01,6126.862,964.0,1036.0,105.9744,6.9,119900.0,579.9,4.882044059723269,7.0,4782.0,9.0,76.253,1261.1621517003207,654.0,61.7,66.2,253350.0,64.1,106.6,5090.8
18,1991-07-01,6205.937,973.0,1063.0,107.988,6.8,120000.0,574.1,4.882044059723269,7.1,4752.0,8.4,76.517,1241.0865139947573,652.0,61.6,66.1,253650.0,64.1,106.4,5087.0
19,1991-08-01,6205.937,944.0,1049.0,107.1435,6.9,120000.0,569.3,4.882044059723269,6.8,4733.0,8.7,76.594,1210.3972178723516,651.0,61.5,66.0,253966.0,64.1,106.2,5108.4
20,1991-09-01,6205.937,974.0,1015.0,108.3246,6.9,120000.0,568.2,4.918520005188451,7.4,4728.0,8.9,76.574,1406.6298496321413,633.0,61.6,66.2,254280.0,64.1,105.4,5141.5
21,1991-10-01,6264.54,991.0,1079.0,108.7024,7.0,120000.0,563.3,4.900820428089049,6.7,4698.0,9.4,76.29,1241.0865139947573,630.0,61.5,66.1,254576.0,64.1,105.5,5157.7
22,1991-11-01,6264.54,984.0,1103.0,103.8766,7.0,120000.0,558.2,4.900820428089049,6.2,4640.0,9.1,76.031,1166.7552318573435,636.0,61.4,66.1,254841.0,64.1,105.0,5177.0
23,1991-12-01,6264.54,1061.0,1079.0,108.3124,7.3,120000.0,554.8,4.900820428089049,6.2,4647.0,9.8,75.844,1153.787830528006,633.0,61.2,66.0,255089.0,64.1,104.9,5233.0
24,1992-01-01,6363.102,1077.0,1176.0,111.4657,7.3,119500.0,551.4,4.900820428089049,5.2,4667.0,9.5,75.7,1223.3789720628336,639.0,61.5,66.3,255331.0,64.1,106.1,5264.8
25,1992-02-01,6363.102,1146.0,1250.0,110.439,7.4,119500.0,545.6,4.900820428089049,4.9,4612.0,9.8,75.655,1267.0681688391785,630.0,61.3,66.2,255576.0,64.1,105.8,5303.2
26,1992-03-01,6363.102,1082.0,1297.0,110.438,7.4,119500.0,544.7,4.900820428089049,6.1,4621.0,9.7,75.814,1302.517598887751,656.0,61.5,66.4,255848.0,64.1,105.4,5323.8
27,1992-04-01,6470.763,1054.0,1099.0,113.3044,7.4,120000.0,542.6,4.900820428089049,6.1,4603.0,9.8,76.08,1249.3520467535536,650.0,61.6,66.5,256139.0,64.1,105.2,5357.4
28,1992-05-01,6470.763,1056.0,1214.0,113.5843,7.6,120000.0,542.6,4.900820428089049,6.0,4605.0,9.8,76.398,1372.2996824981076,650.0,61.5,66.6,256437.0,64.1,105.5,5392.4
29,1992-06-01,6470.763,1057.0,1145.0,112.737,7.8,120000.0,542.7,4.900820428089049,5.6,4584.0,10.0,76.602,1374.6666457002486,644.0,61.5,66.7,256742.0,64.1,105.4,5424.0
30,1992-07-01,6566.641,1089.0,1139.0,112.1383,7.7,120000.0,546.7,4.900820428089049,5.3,4570.0,9.5,76.711,1448.0886976609454,629.0,61.6,66.7,257063.0,64.1,105.0,5437.1
31,1992-08-01,6566.641,1075.0,1226.0,111.8263,7.6,120000.0,553.0,4.900820428089049,5.2,4581.0,9.6,76.732,1316.7036809177569,635.0,61.6,66.6,257390.0,64.1,105.1,5465.1
32,1992-09-01,6566.641,1114.0,1186.0,112.6484,7.6,120000.0,556.9,4.900820428089049,5.0,4584.0,8.6,76.628,1296.6077878575077,638.0,61.4,66.5,257704.0,64.1,104.8,5452.8
33,1992-10-01,6680.803,1132.0,1244.0,114.3146,7.3,126000.0,558.0,4.900820428089049,5.1,4600.0,7.9,76.598,1315.5213713208548,643.0,61.3,66.2,258004.0,64.3,105.4,5444.9
34,1992-11-01,6680.803,1118.0,1214.0,104.542,7.4,126000.0,560.0,4.900820428089049,5.4,4606.0,7.9,76.579,1416.1036860378558,641.0,61.4,66.3,258280.0,64.3,105.5,5467.4
35,1992-12-01,6680.803,1176.0,1227.0,104.9759,7.4,126000.0,560.2,4.900820428089049,5.0,4630.0,10.3,76.464,1386.502878285351,638.0,61.4,66.3,258546.0,64.3,105.4,5676.8
36,1993-01-01,6729.459,1177.0,1210.0,104.6167,7.3,125000.0,563.4,4.900820428089049,5.4,4664.0,8.5,76.395,1310.7923798816012,636.0,61.4,66.2,258799.0,63.9,106.2,5534.1
37,1993-02-01,6729.459,1148.0,1210.0,104.4493,7.1,125000.0,568.1,4.900820428089049,5.3,4714.0,8.8,76.327,1430.317197858856,640.0,61.4,66.2,259036.0,63.9,106.8,5568.0
38,1993-03-01,6729.459,1056.0,1083.0,102.9615,7.0,125000.0,570.5,4.900820428089049,5.4,4676.0,8.8,76.382,1275.3376662214857,633.0,61.5,66.2,259283.0,63.9,107.0,5565.0
39,1993-04-01,6808.939,1104.0,1258.0,104.3104,7.1,127000.0,575.2,4.911183215124596,4.7,4690.0,8.7,76.66,1406.6298496321413,636.0,61.5,66.1,259547.0,64.0,111.2,5621.8
40,1993-05-01,6808.939,1112.0,1260.0,107.9121,7.1,127000.0,582.4,4.92870191133357,5.3,4753.0,8.2,77.03,1282.4267982725285,648.0,61.7,66.4,259822.0,64.0,111.7,5637.9
41,1993-06-01,6808.939,1130.0,1280.0,108.1358,7.0,127000.0,582.3,4.92870191133357,5.2,4760.0,7.7,77.516,1379.4008558829476,654.0,61.8,66.5,260109.0,64.0,111.9,5632.9
42,1993-07-01,6882.098,1174.0,1254.0,109.5383,6.9,127000.0,582.9,4.92870191133357,5.3,4783.0,7.5,77.885,1257.6188494658538,663.0,61.8,66.4,260411.0,64.0,111.6,5660.1
43,1993-08-01,6882.098,1230.0,1300.0,110.2556,6.8,127000.0,582.8,4.92870191133357,5.5,4806.0,7.6,78.131,1463.4947643883668,665.0,62.0,66.4,260717.0,64.0,112.6,5682.0
44,1993-09-01,6882.098,1251.0,1343.0,109.121,6.7,127000.0,586.3,4.92870191133357,4.9,4823.0,6.8,78.19800000000001,1354.5504910602324,677.0,61.7,66.2,261015.0,64.0,112.7,5675.1
45,1993-10-01,7013.738,1287.0,1392.0,109.8777,6.8,127000.0,591.1,4.92870191133357,5.0,4868.0,6.2,78.172,1442.1642985339786,687.0,61.8,66.3,261294.0,64.1,113.2,5669.1
46,1993-11-01,7013.738,1357.0,1376.0,112.0146,6.6,127000.0,599.3,4.92870191133357,4.8,4887.0,6.2,78.17,1429.1326128028545,695.0,61.9,66.3,261550.0,64.1,113.4,5694.4
47,1993-12-01,7013.738,1461.0,1533.0,112.6733,6.5,127000.0,607.1,4.92870191133357,4.5,4925.0,9.0,78.113,1493.132371664074,703.0,62.0,66.4,261796.0,64.1,113.4,5893.8
48,1994-01-01,7115.652,1390.0,1272.0,106.0954,6.6,130000.0,614.1,4.92870191133357,5.9,4940.0,7.0,78.19800000000001,1420.8411568525391,709.0,62.2,66.6,262021.0,64.0,113.9,5779.0
49,1994-02-01,7115.652,1269.0,1337.0,105.0822,6.6,130000.0,609.4,4.92870191133357,5.0,4923.0,6.4,78.204,1569.066334354507,716.0,62.3,66.6,262237.0,64.0,114.5,5798.0
50,1994-03-01,7115.652,1342.0,1564.0,116.9048,6.5,130000.0,620.4,4.9279780604152466,4.8,4990.0,6.7,78.34899999999999,1455.1987194698117,732.0,62.1,66.5,262491.0,64.0,115.3,5829.4
51,1994-04-01,7246.931,1392.0,1465.0,116.956,6.4,130000.0,622.1,4.9279780604152466,5.2,5047.0,6.3,78.70100000000001,1594.0009804325616,740.0,62.3,66.5,262754.0,63.9,117.7,5890.5
52,1994-05-01,7246.931,1396.0,1526.0,119.7682,6.1,130000.0,625.4,4.9279780604152466,5.3,5084.0,7.5,79.208,1660.5373136458634,749.0,62.5,66.6,263014.0,63.9,118.4,5911.1
53,1994-06-01,7246.931,1357.0,1409.0,118.8258,6.1,130000.0,627.6,4.950885289690482,6.2,5097.0,6.8,79.70100000000001,1548.8878759328322,757.0,62.3,66.4,263294.0,63.9,119.5,5917.5
54,1994-07-01,7331.075,1335.0,1439.0,117.5506,6.1,129700.0,630.0,4.950885289690482,6.3,5125.0,6.9,80.063,1483.6468377455628,764.0,62.3,66.4,263580.0,63.9,119.6,5946.4
55,1994-08-01,7331.075,1377.0,1450.0,119.2109,6.0,129700.0,631.9,4.950885289690482,6.1,5139.0,6.4,80.317,1563.1308645359436,773.0,62.6,66.6,263871.0,63.9,120.7,5968.7
56,1994-09-01,7331.075,1412.0,1474.0,121.4776,5.9,129700.0,633.2,4.950885289690482,6.0,5175.0,6.7,80.34,1641.5205029182262,774.0,62.7,66.6,264159.0,63.9,121.0,6001.5
57,1994-10-01,7455.288,1397.0,1450.0,118.9145,5.8,132000.0,634.5,4.950885289690482,5.6,5177.0,7.0,80.304,1598.7514684013843,775.0,62.9,66.7,264430.0,64.1,121.5,6065.3
58,1994-11-01,7455.288,1340.0,1511.0,123.8681,5.6,132000.0,632.4,4.950885289690482,6.3,5210.0,6.9,80.17,1583.313585997183,785.0,63.0,66.7,264681.0,64.1,121.4,6075.4
59,1994-12-01,7455.288,1396.0,1455.0,128.9246,5.5,132000.0,633.1,4.950885289690482,6.6,5226.0,7.0,80.079,1608.253426932135,784.0,63.1,66.7,264924.0,64.1,121.3,6108.1
60,1995-01-01,7522.289,1282.0,1407.0,126.5968,5.6,130000.0,633.2,4.950885289690482,6.8,5234.0,7.3,80.027,1652.2168331487258,783.0,63.0,66.8,265157.0,64.4,122.5,6148.6
61,1995-02-01,7522.289,1254.0,1316.0,124.8849,5.4,130000.0,630.1,4.950885289690482,7.3,5192.0,7.7,79.992,1499.061541642173,793.0,63.1,66.8,265383.0,64.4,123.2,6173.3
62,1995-03-01,7522.289,1226.0,1249.0,127.4955,5.4,130000.0,630.4,4.950885289690482,6.8,5242.0,7.4,80.078,1640.332121502763,771.0,63.1,66.7,265625.0,64.4,123.2,6200.3
63,1995-04-01,7580.997,1259.0,1267.0,122.7703,5.8,133900.0,629.5,4.950885289690482,6.7,5252.0,6.8,80.369,1556.0089917659498,761.0,63.1,66.9,265877.0,64.7,128.0,6223.9
64,1995-05-01,7580.997,1271.0,1314.0,119.6881,5.6,133900.0,628.0,4.950885289690482,6.3,5220.0,7.0,80.691,1537.0210406457704,758.0,62.7,66.5,266134.0,64.7,128.6,6238.3
65,1995-06-01,7580.997,1305.0,1281.0,124.2416,5.6,133900.0,626.1,4.958639998977875,5.8,5250.0,6.5,81.068,1437.4251860119784,759.0,62.7,66.5,266414.0,64.7,128.5,6267.4
66,1995-07-01,7683.125,1354.0,1461.0,124.9272,5.7,132000.0,626.0,4.958639998977875,5.6,5262.0,6.9,81.41199999999999,1567.8791986121482,762.0,62.8,66.6,266700.0,64.8,128.8,6296.3
67,1995-08-01,7683.125,1386.0,1416.0,125.634,5.7,132000.0,627.5,4.958639998977875,6.1,5286.0,6.6,81.655,1464.6800029631097,774.0,62.8,66.6,266998.0,64.8,128.8,6319.0
68,1995-09-01,7683.125,1421.0,1369.0,126.1997,5.6,132000.0,629.9,4.958639998977875,6.3,5324.0,6.6,81.73899999999999,1481.2756739526315,780.0,62.9,66.6,267304.0,64.8,129.0,6347.7
69,1995-10-01,7772.586,1400.0,1369.0,128.0076,5.5,138000.0,634.2,4.958639998977875,6.3,5353.0,7.0,81.727,1547.7010971174643,781.0,62.9,66.6,267585.0,65.1,128.8,6373.5
70,1995-11-01,7772.586,1430.0,1452.0,127.8461,5.6,138000.0,637.5,4.958639998977875,6.8,5358.0,6.4,81.631,1577.376867768293,786.0,62.8,66.5,267829.0,65.1,128.8,6394.0
71,1995-12-01,7772.586,1442.0,1431.0,126.2146,5.6,138000.0,638.6,4.958639998977875,6.4,5344.0,6.0,81.514,1387.686630937525,799.0,62.7,66.4,268047.0,65.1,128.5,6417.8
72,1996-01-01,7868.468,1387.0,1467.0,123.7242,5.6,137000.0,642.0,4.958639998977875,6.4,5355.0,6.5,81.42699999999999,1627.2612486308888,803.0,62.7,66.4,268258.0,65.3,128.5,6453.9
73,1996-02-01,7868.468,1420.0,1491.0,124.1369,5.5,137000.0,647.0,4.958639998977875,5.3,5415.0,6.6,81.4,1526.342707332691,793.0,62.9,66.6,268480.0,65.3,129.2,6517.8
74,1996-03-01,7868.468,1437.0,1424.0,123.1088,5.5,137000.0,650.1,4.958639998977875,6.2,5446.0,6.4,81.665,1588.0633329147856,814.0,63.0,66.6,268724.0,65.3,129.2,6560.4
75,1996-04-01,8032.84,1463.0,1516.0,130.1377,5.6,139900.0,654.9,4.958639998977875,6.0,5474.0,5.5,82.125,1538.2076287014065,827.0,63.0,66.7,268980.0,65.4,132.3,6597.3
76,1996-05-01,8032.84,1457.0,1504.0,130.1725,5.6,139900.0,658.7,4.958639998977875,5.9,5498.0,6.5,82.602,1652.2168331487258,832.0,63.0,66.7,269247.0,65.4,133.7,6637.3
77,1996-06-01,8032.84,1429.0,1467.0,129.1709,5.3,139900.0,663.3,4.958639998977875,6.0,5534.0,6.9,83.04899999999999,1668.8587625226714,826.0,63.2,66.7,269527.0,65.4,133.8,6681.3
78,1996-07-01,8131.408,1450.0,1472.0,128.2446,5.5,140000.0,664.6,4.958639998977875,5.7,5557.0,6.5,83.419,1687.8828288509605,824.0,63.3,66.9,269822.0,65.4,133.9,6681.6
79,1996-08-01,8131.408,1413.0,1557.0,130.1944,5.1,140000.0,670.6,4.958639998977875,5.0,5586.0,6.4,83.645,1705.7224160067306,820.0,63.3,66.7,270130.0,65.4,134.2,6709.4
80,1996-09-01,8131.408,1392.0,1475.0,126.8553,5.2,140000.0,674.4,4.958639998977875,5.2,5610.0,6.4,83.70200000000001,1599.9391416547762,824.0,63.4,66.9,270433.0,65.4,135.1,6747.4
81,1996-10-01,8259.771,1358.0,1392.0,128.816,5.2,144100.0,676.0,4.958639998977875,5.6,5643.0,6.1,83.62899999999999,1615.3807519672953,821.0,63.5,67.0,270730.0,65.4,135.2,6768.8
82,1996-11-01,8259.771,1412.0,1489.0,126.1401,5.4,144100.0,679.7,4.958639998977875,5.2,5668.0,6.2,83.556,1640.332121502763,829.0,63.4,67.0,271002.0,65.4,135.2,6802.4
83,1996-12-01,8259.771,1411.0,1370.0,124.1316,5.4,144100.0,681.2,4.958639998977875,5.0,5675.0,6.1,83.49,1728.3254431597816,814.0,63.4,67.0,271243.0,65.4,134.8,6836.6
84,1997-01-01,8362.655,1382.0,1355.0,125.2006,5.3,145000.0,684.6,4.958639998977875,4.7,5675.0,5.9,83.53,1597.563815637941,817.0,63.4,67.0,271472.0,65.5,135.2,6884.8
85,1997-02-01,8362.655,1445.0,1486.0,132.4098,5.2,145000.0,687.8,4.958639998977875,4.5,5722.0,6.0,83.59700000000001,1797.3662825063884,810.0,63.4,66.9,271703.0,65.5,135.5,6920.9
86,1997-03-01,8362.655,1436.0,1457.0,137.0678,5.2,145000.0,695.3,4.958639998977875,4.1,5751.0,6.1,83.911,1678.3701696799303,808.0,63.6,67.1,271952.0,65.5,135.2,6960.8
87,1997-04-01,8518.825,1421.0,1492.0,136.4713,5.1,145800.0,692.3,4.958639998977875,4.7,5764.0,6.2,84.321,1670.0476197161481,810.0,63.7,67.1,272213.0,65.7,137.9,6972.8
88,1997-05-01,8518.825,1414.0,1442.0,134.0933,4.9,145800.0,690.8,4.958639998977875,4.6,5793.0,6.5,84.86399999999999,1624.884987666245,816.0,63.8,67.1,272482.0,65.7,138.2,7001.3
89,1997-06-01,8518.825,1402.0,1494.0,135.5394,5.0,145800.0,690.5,4.958639998977875,4.4,5793.0,6.3,85.398,1523.9699795358147,826.0,63.7,67.1,272767.0,65.7,138.9,7035.8
90,1997-07-01,8662.823,1440.0,1437.0,138.2605,4.9,145000.0,693.6,4.958639998977875,4.4,5817.0,5.8,85.84100000000001,1521.5973375268718,836.0,63.9,67.2,273074.0,65.8,139.1,7071.7
91,1997-08-01,8662.823,1449.0,1390.0,138.4137,4.8,145000.0,695.1,4.959341999708705,4.3,5846.0,5.7,86.15,1544.14088753418,836.0,63.9,67.2,273395.0,65.8,139.5,7119.4
92,1997-09-01,8662.823,1494.0,1546.0,143.5012,4.9,145000.0,695.7,4.959341999708705,4.2,5874.0,5.9,86.311,1674.803244912028,846.0,63.9,67.1,273703.0,65.8,139.2,7158.1
93,1997-10-01,8765.907,1499.0,1520.0,143.0334,4.7,144200.0,696.7,4.959341999708705,4.3,5883.0,5.9,86.40799999999999,1620.1327079591147,858.0,63.9,67.1,273989.0,65.8,139.5,7205.1
94,1997-11-01,8765.907,1469.0,1510.0,140.3559,4.6,144200.0,700.0,4.959341999708705,3.9,5899.0,6.1,86.632,1648.6512105283657,865.0,64.1,67.2,274249.0,65.8,139.2,7257.0
95,1997-12-01,8765.907,1456.0,1566.0,140.801,4.7,144200.0,703.4,4.959341999708705,4.4,5938.0,6.1,86.848,1658.1599344872022,872.0,64.0,67.2,274499.0,65.8,139.3,7300.0
96,1998-01-01,8866.48,1555.0,1525.0,143.4028,4.6,152200.0,704.1,4.959341999708705,4.0,5983.0,7.0,87.163,1525.1563327187127,886.0,64.0,67.1,274732.0,66.0,139.3,7368.9
97,1998-02-01,8866.48,1647.0,1584.0,139.0929,4.6,152200.0,704.2,4.9621450849358215,3.9,5997.0,7.0,87.37299999999999,1673.6143091763756,896.0,64.0,67.1,274943.0,66.0,139.6,7416.5
98,1998-03-01,8866.48,1605.0,1567.0,137.3363,4.7,152200.0,708.3,4.9621450849358215,4.1,5969.0,7.1,87.87700000000001,1716.428251556364,905.0,64.0,67.1,275175.0,66.0,139.8,7464.0
99,1998-04-01,8969.699,1547.0,1540.0,138.0548,4.3,149500.0,712.9,4.9621450849358215,4.0,6049.0,6.9,88.55799999999999,1741.414550663687,906.0,64.1,67.0,275434.0,66.1,144.0,7501.7
100,1998-05-01,8969.699,1554.0,1536.0,139.0633,4.4,149500.0,718.5,4.962844630259907,3.9,6087.0,6.6,89.374,1702.1541504416987,912.0,64.1,67.0,275700.0,66.1,144.3,7547.0
101,1998-06-01,8969.699,1551.0,1641.0,138.7419,4.5,149500.0,725.9,4.962844630259907,3.8,6130.0,6.5,90.195,1704.532974871073,927.0,64.0,67.0,275976.0,66.1,145.5,7584.4
102,1998-07-01,9121.097,1610.0,1698.0,141.7337,4.5,153000.0,731.3,4.962844630259907,4.0,6172.0,6.6,90.859,1805.7030124690912,938.0,64.0,67.0,276266.0,66.6,146.1,7616.9
103,1998-08-01,9121.097,1654.0,1614.0,139.1771,4.5,153000.0,739.2,4.962844630259907,4.1,6215.0,6.5,91.407,1768.7900503676824,941.0,63.9,67.0,276566.0,66.6,146.4,7656.2
104,1998-09-01,9121.097,1577.0,1582.0,141.3677,4.6,153000.0,739.4,4.962844630259907,4.1,6225.0,6.1,91.752,1686.6936782156506,952.0,64.2,67.2,276859.0,66.6,146.5,7678.1
105,1998-10-01,9293.991,1719.0,1715.0,138.9738,4.5,153000.0,745.3,4.962844630259907,4.0,6262.0,5.9,91.999,1686.6936782156506,972.0,64.1,67.2,277140.0,66.5,146.4,7708.8
106,1998-11-01,9293.991,1672.0,1660.0,143.228,4.4,153000.0,748.7,4.962844630259907,3.5,6301.0,6.0,92.197,1867.6607359037166,976.0,64.2,67.1,277402.0,66.5,146.5,7745.7
107,1998-12-01,9293.991,1742.0,1792.0,149.91,4.4,153000.0,754.7,4.962844630259907,3.8,6378.0,5.5,92.443,1664.1035305710398,1003.0,64.3,67.2,277658.0,66.5,146.5,7771.8
108,1999-01-01,9411.682,1732.0,1748.0,143.0987,4.3,157400.0,764.5,4.973279507552487,3.9,6357.0,6.1,92.714,1861.7011620687463,973.0,64.4,67.2,277891.0,66.7,147.4,7813.1
109,1999-02-01,9411.682,1720.0,1670.0,146.9786,4.4,157400.0,773.9,4.980176086611547,4.0,6429.0,6.0,92.981,1695.0181408148492,989.0,64.2,67.2,278095.0,66.7,147.5,7840.9
110,1999-03-01,9411.682,1665.0,1710.0,140.1138,4.2,157400.0,778.0,4.980176086611547,4.1,6402.0,5.6,93.611,1949.947389241964,994.0,64.2,67.0,278324.0,66.7,148.0,7855.9
111,1999-04-01,9526.21,1600.0,1553.0,135.8202,4.3,158700.0,783.6,4.969118613893322,3.9,6480.0,4.7,94.436,1839.058833767715,991.0,64.2,67.1,278584.0,66.7,149.1,7871.1
112,1999-05-01,9526.21,1640.0,1611.0,133.8325,4.2,158700.0,792.2,4.9684234452869465,4.0,6516.0,4.4,95.36,1890.311133518739,989.0,64.3,67.1,278859.0,66.7,149.9,7894.2
113,1999-06-01,9526.21,1702.0,1559.0,133.9478,4.3,158700.0,798.5,4.970507503005476,3.9,6547.0,4.3,96.363,1920.1238836622483,981.0,64.2,67.1,279148.0,66.7,149.9,7925.1
114,1999-07-01,9686.626,1682.0,1669.0,131.7943,4.3,159100.0,803.7,4.970507503005476,4.0,6571.0,4.4,97.192,1859.3174565155653,983.0,64.2,67.1,279448.0,66.8,149.7,7965.8
115,1999-08-01,9686.626,1671.0,1648.0,133.2683,4.2,159100.0,806.1,4.970507503005476,4.0,6586.0,4.3,97.897,1818.8053929500318,989.0,64.2,67.0,279752.0,66.8,149.8,8016.9
116,1999-09-01,9686.626,1551.0,1635.0,131.4058,4.2,159100.0,810.0,4.970507503005476,4.5,6613.0,3.7,98.399,1914.160468097069,983.0,64.2,67.0,280053.0,66.8,149.8,8041.2
117,1999-10-01,9900.169,1649.0,1608.0,136.7582,4.1,165300.0,811.5,4.971201224850849,4.2,6640.0,4.0,98.832,1854.550258423941,983.0,64.3,67.0,280337.0,66.9,149.5,8102.4
118,1999-11-01,9900.169,1672.0,1648.0,148.7383,4.1,165300.0,819.6,4.971201224850849,4.3,6687.0,4.1,99.149,1858.1256303495422,983.0,64.4,67.1,280594.0,66.9,149.4,8165.3
119,1999-12-01,9900.169,1683.0,1708.0,148.3553,4.0,165300.0,822.8,4.971201224850849,4.3,6709.0,3.7,99.543,1933.2449104302743,983.0,64.4,67.1,280846.0,66.9,149.0,8251.2
120,2000-01-01,10002.179,1727.0,1636.0,144.613,4.0,165300.0,832.5,4.971201224850849,4.3,6752.0,4.5,100.0,1831.9099660232705,991.0,64.6,67.3,281083.0,67.1,149.1,8348.0
121,2000-02-01,10002.179,1692.0,1737.0,143.9732,4.1,165300.0,834.3,4.974662633637438,4.3,6730.0,4.0,100.571,1954.7201376945188,998.0,64.6,67.3,281299.0,67.1,148.3,8408.8
122,2000-03-01,10002.179,1651.0,1604.0,151.6946,4.0,165300.0,843.2,4.974662633637438,4.3,6811.0,3.8,101.466,1986.943238474497,988.0,64.6,67.3,281531.0,67.1,148.1,8468.3
123,2000-04-01,10247.72,1597.0,1626.0,142.1024,3.8,163200.0,834.0,4.974662633637438,4.4,6794.0,4.3,102.54,1874.8128074470303,989.0,64.7,67.3,281763.0,67.3,148.6,8506.8
124,2000-05-01,10247.72,1543.0,1575.0,143.7562,4.0,163200.0,827.9,5.011967739330034,4.4,6770.0,4.3,103.702,1960.6864538346383,985.0,64.4,67.1,281996.0,67.3,149.1,8544.5
125,2000-06-01,10247.72,1572.0,1559.0,140.99,4.0,163200.0,826.7,4.9788005705762375,4.8,6778.0,4.3,104.855,1779.5048901368834,982.0,64.5,67.1,282247.0,67.3,149.3,8597.8
126,2000-07-01,10318.165,1542.0,1463.0,140.54,4.0,168800.0,828.9,4.9788005705762375,4.1,6794.0,4.7,105.721,1737.844566734895,979.0,64.2,66.9,282504.0,67.5,149.3,8665.3
127,2000-08-01,10318.165,1552.0,1541.0,144.0,4.1,168800.0,822.2,4.9788005705762375,4.4,6796.0,4.8,106.522,1830.7185509900646,976.0,64.2,66.9,282769.0,67.5,148.8,8712.2
128,2000-09-01,10318.165,1570.0,1507.0,142.1897,3.9,168800.0,818.2,4.9788005705762375,4.0,6807.0,4.1,107.135,1777.1236848174092,970.0,64.2,66.9,283033.0,67.5,148.6,8757.7
129,2000-10-01,10435.744,1577.0,1549.0,143.4779,3.9,172900.0,813.2,4.9788005705762375,4.0,6814.0,4.3,107.728,1759.267013460203,972.0,64.2,66.8,283285.0,67.5,148.4,8792.1
130,2000-11-01,10435.744,1614.0,1551.0,137.4387,3.9,172900.0,805.8,4.9788005705762375,4.2,6817.0,4.3,108.291,1790.221228547425,970.0,64.3,66.9,283523.0,67.5,148.6,8809.9
131,2000-12-01,10435.744,1543.0,1532.0,130.5541,3.9,172900.0,797.2,4.978112102390695,3.6,6792.0,4.1,108.791,1768.7900503676824,969.0,64.4,67.0,283748.0,67.5,147.5,8844.0
132,2001-01-01,10470.231,1699.0,1600.0,139.6751,4.2,169800.0,782.8,4.978112102390695,3.8,6824.0,4.5,109.214,1691.4503974499255,986.0,64.4,67.2,283960.0,67.6,148.3,8940.9
133,2001-02-01,10470.231,1656.0,1625.0,143.9848,4.2,169800.0,781.8,4.978112102390695,3.7,6841.0,4.6,109.642,1786.6489497580594,987.0,64.3,67.1,284166.0,67.6,148.0,8975.8
134,2001-03-01,10470.231,1659.0,1590.0,147.6021,4.3,169800.0,775.5,4.978112102390695,3.8,6862.0,4.9,110.394,1708.101356055936,1001.0,64.3,67.2,284380.0,67.6,147.4,9009.4
135,2001-04-01,10599.0,1666.0,1649.0,152.7133,4.4,179000.0,772.8,5.003946305945459,3.9,6844.0,4.8,111.248,1831.9099660232705,1007.0,64.0,66.9,284602.0,67.8,148.9,9008.9
136,2001-05-01,10599.0,1665.0,1605.0,149.6911,4.3,179000.0,775.0,5.012633296758929,4.0,6849.0,4.3,112.203,1740.2245371172253,1015.0,63.8,66.7,284834.0,67.8,148.8,9011.1
137,2001-06-01,10599.0,1626.0,1636.0,147.0751,4.5,179000.0,779.6,5.012633296758929,4.2,6840.0,4.2,113.272,1927.2805500954908,1013.0,63.7,66.7,285076.0,67.8,148.6,9017.1
138,2001-07-01,10598.02,1598.0,1670.0,147.7865,4.6,172500.0,781.6,5.012633296758929,4.2,6845.0,5.4,114.226,1841.4419332426494,1017.0,63.7,66.8,285324.0,67.9,149.1,9014.6
139,2001-08-01,10598.02,1615.0,1567.0,145.3626,4.9,172500.0,781.8,5.012633296758929,4.4,6827.0,6.5,114.988,1880.77335128056,1011.0,63.2,66.5,285584.0,67.9,149.1,9001.4
140,2001-09-01,10598.02,1565.0,1562.0,143.2876,5.0,172500.0,782.9,5.012633296758929,4.4,6813.0,6.9,115.465,1804.511996216673,1014.0,63.5,66.8,285842.0,67.9,149.1,8975.3
141,2001-10-01,10660.465,1566.0,1540.0,146.5655,5.3,171100.0,785.9,5.012633296758929,4.3,6804.0,2.9,115.681,1861.7011620687463,1008.0,63.2,66.7,286086.0,67.9,149.4,8987.3
142,2001-11-01,10660.465,1651.0,1602.0,151.3362,5.5,171100.0,787.2,5.012633296758929,4.1,6784.0,3.4,115.839,1809.276170654947,1011.0,63.0,66.7,286315.0,67.9,149.1,8985.1
143,2001-12-01,10660.465,1680.0,1568.0,149.4688,5.7,171100.0,789.2,5.012633296758929,3.8,6785.0,3.7,116.056,1973.813832066407,996.0,62.9,66.7,286533.0,67.9,149.0,8990.7
144,2002-01-01,10783.5,1665.0,1698.0,154.1368,5.7,188700.0,785.8,5.012633296758929,4.2,6775.0,5.6,116.437,1901.0424744709483,996.0,62.7,66.5,286739.0,67.9,148.8,9015.6
145,2002-02-01,10783.5,1787.0,1829.0,153.3106,5.7,188700.0,794.9,5.012633296758929,4.0,6766.0,5.4,116.916,1947.5611167190482,1005.0,63.0,66.8,286935.0,67.9,148.4,9031.9
146,2002-03-01,10783.5,1691.0,1642.0,144.7966,5.7,188700.0,798.8,5.007965065540377,4.1,6755.0,5.5,117.929,1814.0406364758612,1013.0,62.8,66.6,287131.0,67.9,147.9,9050.7
147,2002-04-01,10887.46,1669.0,1592.0,142.7707,5.9,187200.0,796.8,5.017941869278694,4.3,6710.0,5.4,119.208,1892.6957539549783,1011.0,62.7,66.7,287343.0,67.8,151.8,9099.9
148,2002-05-01,10887.46,1716.0,1764.0,141.9094,5.8,187200.0,799.3,5.017941869278694,4.0,6684.0,6.1,120.788,1988.1369210031733,1019.0,62.9,66.7,287571.0,67.8,152.2,9131.0
149,2002-06-01,10887.46,1758.0,1717.0,144.8674,5.8,187200.0,798.7,5.020585624949424,4.2,6701.0,6.1,122.333,1849.783344931878,1023.0,62.7,66.6,287808.0,67.8,151.9,9164.8
150,2002-07-01,10984.04,1738.0,1655.0,143.1601,5.8,178100.0,800.8,5.020585624949424,4.2,6688.0,5.3,123.687,1880.77335128056,1029.0,62.7,66.5,288051.0,67.9,151.9,9157.5
151,2002-08-01,10984.04,1695.0,1633.0,142.5233,5.7,178100.0,807.1,5.020585624949424,4.0,6701.0,5.2,124.729,2008.432063180919,1013.0,62.7,66.6,288303.0,67.9,152.7,9175.3
152,2002-09-01,10984.04,1803.0,1804.0,144.0017,5.7,178100.0,809.4,5.020585624949424,3.9,6702.0,5.8,125.494,1911.775222613451,1024.0,63.0,66.7,288554.0,67.9,152.6,9197.1
153,2002-10-01,11061.433,1799.0,1648.0,140.5239,5.7,190100.0,810.5,5.020585624949424,4.0,6689.0,5.6,126.136,1864.084938511288,1026.0,62.7,66.6,288794.0,68.2,152.6,9229.6
154,2002-11-01,11061.433,1771.0,1753.0,141.7779,5.9,190100.0,826.7,5.020585624949424,4.0,6713.0,5.6,126.642,2003.6563052594336,1031.0,62.5,66.4,289012.0,68.2,152.0,9258.8
155,2002-12-01,11061.433,1896.0,1788.0,136.1994,6.0,190100.0,816.8,5.020585624949424,4.0,6700.0,5.3,127.151,1947.5611167190482,1033.0,62.4,66.3,289214.0,68.2,151.0,9288.3
156,2003-01-01,11174.129,1808.0,1853.0,145.7576,5.8,186000.0,817.8,5.020585624949424,4.0,6704.0,5.3,127.652,1927.2805500954908,1049.0,62.5,66.4,289412.0,68.1,151.0,9290.1
157,2003-02-01,11174.129,1854.0,1629.0,130.6707,5.9,186000.0,817.7,5.0330488889331555,4.5,6667.0,5.2,128.326,1967.8465897603567,1044.0,62.5,66.4,289606.0,68.1,151.1,9296.2
158,2003-03-01,11174.129,1757.0,1726.0,139.9231,5.9,186000.0,821.1,5.04148775757902,4.1,6654.0,4.9,129.308,1908.1974840113062,1044.0,62.4,66.3,289809.0,68.1,151.1,9333.8
159,2003-04-01,11312.766,1803.0,1643.0,143.4302,6.0,191800.0,828.9,5.046002437933547,4.1,6689.0,5.0,130.488,1936.8237318726467,1043.0,62.4,66.4,290024.0,68.2,150.7,9356.4
160,2003-05-01,11312.766,1835.0,1751.0,143.716,6.1,191800.0,829.0,5.046002437933547,3.9,6706.0,5.3,131.839,2021.5667557863187,1047.0,62.3,66.4,290250.0,68.2,151.1,9414.4
161,2003-06-01,11312.766,1875.0,1867.0,146.5043,6.3,191800.0,836.9,5.046002437933547,3.5,6723.0,5.1,133.225,1911.775222613451,1064.0,62.3,66.5,290484.0,68.2,151.2,9455.3
162,2003-07-01,11566.669,1885.0,1897.0,151.803,6.2,191900.0,836.7,5.046002437933547,3.6,6735.0,5.9,134.64700000000002,1958.2998767041483,1078.0,62.1,66.2,290726.0,68.3,151.0,9491.6
163,2003-08-01,11566.669,1966.0,1833.0,152.498,6.1,191900.0,840.2,5.046002437933547,3.5,6760.0,5.7,135.965,1827.1444139835319,1102.0,62.1,66.1,290974.0,68.3,150.6,9538.8
164,2003-09-01,11566.669,1961.0,1939.0,154.9852,6.1,191900.0,850.2,5.046002437933547,3.8,6783.0,4.9,137.076,2004.8502199777433,1121.0,62.0,66.1,291222.0,68.3,150.2,9582.5
165,2003-10-01,11772.234,2012.0,1967.0,162.1132,6.0,198800.0,854.6,5.046002437933547,3.8,6784.0,5.0,137.976,2015.5961944634712,1135.0,62.1,66.1,291463.0,68.5,149.6,9620.4
166,2003-11-01,11772.234,1918.0,2083.0,156.7902,5.8,198800.0,858.5,5.046002437933547,4.1,6796.0,5.0,138.765,1972.6203500431532,1158.0,62.3,66.1,291677.0,68.5,149.5,9688.2
167,2003-12-01,11772.234,1987.0,2057.0,160.271,5.7,198800.0,863.3,5.046002437933547,4.0,6827.0,5.0,139.628,2001.2685254031903,1183.0,62.2,65.9,291868.0,68.5,149.4,9713.2
168,2004-01-01,11923.447,1952.0,1911.0,152.7907,5.7,212700.0,866.4,5.046002437933547,3.8,6848.0,4.6,140.70600000000002,1992.9118174884213,1191.0,62.3,66.1,292046.0,68.7,149.4,9731.8
169,2004-02-01,11923.447,1966.0,1846.0,149.9506,5.6,212700.0,867.3,5.046002437933547,3.7,6838.0,4.6,142.029,2003.6563052594336,1197.0,62.3,66.0,292230.0,68.7,149.5,9765.4
170,2004-03-01,11923.447,2066.0,1998.0,169.2419,5.8,212700.0,875.7,5.046002437933547,3.6,6887.0,4.5,144.08,2094.440244482732,1219.0,62.2,66.0,292434.0,68.7,150.2,9815.8
171,2004-04-01,12112.815,2070.0,2003.0,170.912,5.6,217600.0,876.2,5.053694783556702,4.0,6901.0,4.9,146.18,2266.6999247123467,1222.0,62.3,65.9,292651.0,69.4,152.1,9865.8
172,2004-05-01,12112.815,2150.0,1981.0,166.8739,5.6,217600.0,890.8,5.053694783556702,3.8,6948.0,4.8,148.334,2212.8349698402303,1233.0,62.3,66.0,292872.0,69.4,153.6,9950.0
173,2004-06-01,12112.815,2020.0,1828.0,161.1205,5.6,217600.0,891.3,5.053694783556702,3.9,6962.0,5.4,150.518,2169.764889722589,1229.0,62.4,66.1,293103.0,69.4,153.9,9988.4
174,2004-07-01,12305.307,2112.0,2002.0,165.4313,5.5,213500.0,898.6,5.053694783556702,4.5,6977.0,4.7,152.33700000000002,2198.476093889677,1247.0,62.5,66.1,293350.0,68.9,154.4,10033.0
175,2004-08-01,12305.307,2056.0,2024.0,165.3898,5.4,213500.0,903.4,5.053694783556702,4.3,7003.0,4.7,153.813,2234.377338147707,1238.0,62.4,66.0,293603.0,68.9,157.7,10078.2
176,2004-09-01,12305.307,2041.0,1905.0,164.6773,5.4,213500.0,910.4,5.053694783556702,4.1,7029.0,4.1,155.107,2096.830547992807,1247.0,62.3,65.8,293857.0,68.9,160.4,10110.5
177,2004-10-01,12527.214,2097.0,2072.0,159.7799,5.5,228800.0,918.3,5.053694783556702,3.9,7077.0,3.9,156.298,2148.23727001434,1264.0,62.3,65.9,294104.0,69.1,160.4,10159.3
178,2004-11-01,12527.214,2079.0,1782.0,155.9717,5.4,228800.0,923.5,5.053694783556702,4.3,7091.0,3.4,157.496,2051.4256835528126,1268.0,62.5,66.0,294337.0,69.1,161.4,10171.5
179,2004-12-01,12527.214,2082.0,2042.0,165.2899,5.4,228800.0,927.4,5.053694783556702,4.1,7117.0,6.2,158.66899999999998,2246.347408477394,1280.0,62.4,65.9,294561.0,69.1,161.5,10520.8
180,2005-01-01,12767.286,2139.0,2144.0,162.337,5.3,232500.0,932.1,5.056245805348308,4.4,7095.0,2.7,160.129,2211.6383139855675,1302.0,62.4,65.8,294768.0,69.2,166.8,10247.0
181,2005-02-01,12767.286,2114.0,2207.0,166.6182,5.4,232500.0,938.0,5.0912931971137105,4.3,7153.0,2.3,161.923,2230.786607125023,1322.0,62.4,65.9,294955.0,69.2,168.8,10282.7
182,2005-03-01,12767.286,2062.0,1864.0,164.584,5.2,232500.0,942.5,5.076423034634259,4.1,7181.0,2.5,164.575,2086.0746816216742,1311.0,62.4,65.9,295149.0,69.2,169.0,10347.9
183,2005-04-01,12922.656,2150.0,2061.0,160.4395,5.2,233700.0,947.9,5.101085197018328,4.3,7266.0,2.1,166.99900000000002,2253.530162410988,1324.0,62.7,66.1,295359.0,68.7,171.8,10412.1
184,2005-05-01,12922.656,2085.0,2025.0,164.6264,5.1,233700.0,953.0,5.101085197018328,4.2,7294.0,2.6,169.544,2464.454380047537,1322.0,62.8,66.1,295582.0,68.7,172.2,10464.1
185,2005-06-01,12922.656,2178.0,2068.0,164.5805,5.0,233700.0,958.8,5.101085197018328,4.3,7333.0,2.0,172.015,2299.033221283618,1329.0,62.7,66.1,295824.0,68.7,172.5,10498.0
186,2005-07-01,13142.642,2203.0,2054.0,157.5149,5.0,236400.0,964.7,5.101085197018328,4.2,7353.0,1.4,174.09799999999998,2204.458694954903,1338.0,62.8,66.1,296077.0,68.7,179.0,10558.3
187,2005-08-01,13142.642,2219.0,2095.0,158.9917,4.9,236400.0,964.8,5.101085197018328,4.5,7394.0,2.0,175.923,2283.464010001258,1356.0,62.9,66.2,296338.0,68.7,179.2,10619.6
188,2005-09-01,13142.642,2263.0,2151.0,160.2513,5.0,236400.0,967.6,5.101085197018328,4.7,7415.0,2.0,177.61,2247.544497132464,1377.0,62.8,66.1,296606.0,68.7,180.2,10687.7
189,2005-10-01,13324.204,2170.0,2065.0,161.7801,5.0,243600.0,972.8,5.101085197018328,4.5,7460.0,2.3,178.75099999999998,2295.440108385788,1376.0,62.8,66.1,296857.0,68.9,180.3,10767.3
190,2005-11-01,13324.204,2218.0,2147.0,166.926,5.0,243600.0,985.7,5.101085197018328,5.0,7524.0,2.6,179.673,2229.5897266064526,1395.0,62.7,66.0,297089.0,68.9,180.6,10815.4
191,2005-12-01,13324.204,2120.0,1994.0,170.1105,4.9,243600.0,995.7,5.101694025043223,4.9,7533.0,2.5,180.106,2270.2919869918305,1405.0,62.8,66.0,297311.0,68.9,181.3,10853.1
192,2006-01-01,13599.16,2212.0,2273.0,192.0322,4.7,247700.0,1008.1,5.126342101808226,5.3,7601.0,3.0,180.827,2384.1078810172653,1424.0,62.9,66.0,297526.0,68.6,191.0,11038.6
193,2006-02-01,13599.16,2141.0,2119.0,186.9827,4.8,247700.0,1012.7,5.135210028677887,6.1,7664.0,3.2,181.499,2398.4937359265973,1423.0,63.0,66.1,297734.0,68.6,191.5,11102.6
194,2006-03-01,13599.16,2118.0,1969.0,174.864,4.7,247700.0,1017.8,5.135210028677887,5.9,7689.0,3.3,182.749,2634.9400553083387,1423.0,63.1,66.2,297950.0,68.6,195.3,11171.8
195,2006-04-01,13753.424,1998.0,1821.0,165.8735,4.7,246300.0,1022.0,5.138148614395216,6.3,7726.0,3.1,183.648,2426.072217798473,1401.0,63.0,66.1,298170.0,68.8,196.7,11229.5
196,2006-05-01,13753.424,1905.0,1942.0,160.6514,4.6,246300.0,1016.6,5.138148614395216,6.2,7713.0,2.9,184.38,2217.6217434970376,1409.0,63.1,66.1,298401.0,68.8,197.6,11251.1
197,2006-06-01,13753.424,1867.0,1802.0,161.3281,4.6,246300.0,1007.8,5.138148614395216,6.3,7699.0,2.9,184.547,2400.8915736088343,1383.0,63.1,66.2,298653.0,68.8,197.8,11292.8
198,2006-07-01,13870.188,1763.0,1737.0,152.8727,4.7,235600.0,1007.3,5.138148614395216,7.3,7712.0,2.3,184.607,2261.91071404706,1363.0,63.0,66.1,298910.0,68.9,199.4,11322.1
199,2006-08-01,13870.188,1722.0,1650.0,153.7995,4.7,235600.0,1009.2,5.138148614395216,6.7,7720.0,2.5,184.404,2193.6902852426833,1339.0,63.1,66.2,299178.0,68.9,200.0,11346.8
200,2006-09-01,13870.188,1655.0,1720.0,149.9671,4.5,235600.0,1011.6,5.138148614395216,6.7,7718.0,2.4,184.197,2354.1438387730636,1317.0,63.1,66.1,299452.0,68.9,201.0,11383.9
201,2006-10-01,14039.56,1570.0,1491.0,151.0867,4.4,245400.0,1005.8,5.138148614395216,7.3,7682.0,2.4,184.053,2242.7562314487845,1283.0,63.3,66.2,299710.0,68.8,201.0,11417.8
202,2006-11-01,14039.56,1535.0,1570.0,153.3176,4.5,245400.0,996.0,5.138148614395216,6.6,7666.0,2.7,183.63,2212.8349698402303,1265.0,63.3,66.3,299950.0,68.8,200.9,11479.3
203,2006-12-01,14039.56,1638.0,1649.0,167.7527,4.4,245400.0,989.5,5.138148614395216,6.5,7685.0,2.6,183.228,2206.851841037619,1247.0,63.4,66.4,300178.0,68.8,200.8,11587.6
204,2007-01-01,14215.651,1626.0,1409.0,159.9997,4.6,257400.0,982.5,5.161351511474879,7.2,7725.0,2.4,182.718,2127.9102283932616,1217.0,63.3,66.4,300398.0,68.5,206.3,11647.1
205,2007-02-01,14215.651,1598.0,1480.0,153.1247,4.5,257400.0,977.3,5.162497643405501,7.9,7626.0,2.8,182.47,1910.582625786019,1206.0,63.3,66.3,300608.0,68.5,204.3,11734.2
206,2007-03-01,14215.651,1596.0,1495.0,154.2676,4.4,257400.0,973.2,5.174453379325651,7.9,7706.0,3.0,182.193,1890.311133518739,1192.0,63.3,66.2,300823.0,68.5,205.1,11821.4
207,2007-04-01,14402.082,1470.0,1490.0,152.5383,4.5,242200.0,966.8,5.244389024522481,7.4,7686.0,3.0,182.131,1790.221228547425,1181.0,63.0,65.9,301045.0,68.3,210.0,11868.1
208,2007-05-01,14402.082,1493.0,1415.0,154.5282,4.4,242200.0,965.1,5.244389024522481,7.8,7673.0,2.8,181.884,1786.6489497580594,1164.0,63.0,66.0,301278.0,68.3,209.3,11908.7
209,2007-06-01,14402.082,1407.0,1448.0,149.986,4.6,242200.0,964.0,5.244389024522481,8.2,7687.0,2.7,181.54,1721.1868991148974,1161.0,63.0,66.0,301528.0,68.3,208.3,11929.2
210,2007-07-01,14564.117,1361.0,1354.0,150.4928,4.7,241800.0,954.4,5.244389024522481,8.3,7660.0,2.6,180.993,1784.2675227013428,1144.0,62.9,66.0,301790.0,68.0,208.8,11955.7
211,2007-08-01,14564.117,1321.0,1330.0,149.1233,4.6,241800.0,942.1,5.244389024522481,9.2,7610.0,2.2,180.234,1758.0767178903552,1123.0,62.7,65.8,302064.0,68.0,208.3,11963.1
212,2007-09-01,14564.117,1261.0,1183.0,149.8047,4.7,241800.0,936.5,5.244389024522481,9.2,7577.0,2.3,179.12099999999998,1572.627866676633,1108.0,62.9,66.0,302334.0,68.0,210.7,12025.5
213,2007-10-01,14715.058,1192.0,1264.0,147.7916,4.7,238400.0,921.6,5.244916589820922,8.5,7565.0,2.2,177.52900000000002,1630.8257911507228,1096.0,62.7,65.8,302590.0,67.8,210.2,12046.8
214,2007-11-01,14715.058,1224.0,1197.0,151.5488,4.7,238400.0,895.0,5.244916589820922,9.4,7523.0,1.9,175.16099999999997,1613.0048956479905,1080.0,62.9,66.0,302834.0,67.8,210.1,12102.8
215,2007-12-01,14715.058,1149.0,1037.0,145.0394,5.0,238400.0,896.4,5.244916589820922,9.6,7490.0,2.4,173.33700000000002,1539.3942380148121,1059.0,62.7,66.0,303062.0,67.8,209.1,12182.7
216,2008-01-01,14706.538,1094.0,1084.0,148.6468,5.0,233900.0,886.6,5.247024072160486,9.3,7476.0,2.6,171.076,1542.9541933456132,1041.0,62.9,66.2,303280.0,67.9,208.5,12227.8
217,2008-02-01,14706.538,1014.0,1103.0,145.2225,4.9,233900.0,874.5,5.247024072160486,9.7,7453.0,3.0,169.19,1475.3481503885757,1025.0,62.8,66.0,303494.0,67.9,208.9,12264.9
218,2008-03-01,14706.538,967.0,1005.0,141.695,5.1,233900.0,867.3,5.247024072160486,10.15,7406.0,2.9,167.90200000000002,1381.7681025539694,1014.0,62.7,66.1,303707.0,67.9,208.9,12314.7
219,2008-04-01,14865.701,1008.0,1013.0,141.7131,5.0,235300.0,854.6,5.247024072160486,10.15,7327.0,2.4,167.322,1177.3674151114078,1009.0,62.7,65.9,303926.0,68.1,210.4,12302.6
220,2008-05-01,14865.701,995.0,973.0,137.6036,5.4,235300.0,840.8,5.243333058215277,10.15,7274.0,6.8,167.02,1319.0683740481666,991.0,62.5,66.1,304157.0,68.1,207.7,12879.3
221,2008-06-01,14865.701,1180.0,1046.0,134.7346,5.6,235300.0,824.8,5.243333058215277,10.15,7213.0,4.6,166.53599999999997,1319.0683740481666,975.0,62.4,66.1,304396.0,68.1,204.1,12661.0
222,2008-07-01,14898.999,921.0,923.0,135.0042,5.8,226500.0,812.7,5.245443876940969,10.15,7160.0,3.6,165.713,1254.0757790257685,955.0,62.2,66.1,304646.0,67.7,207.9,12514.8
223,2008-08-01,14898.999,858.0,844.0,126.4443,6.1,226500.0,800.3,5.255931650051599,10.15,7114.0,3.1,164.27700000000002,1171.471482271987,936.0,62.0,66.1,304903.0,67.7,207.9,12426.0
224,2008-09-01,14898.999,797.0,820.0,122.5937,6.1,226500.0,782.5,5.258536496536192,10.15,7044.0,3.9,161.912,1340.3550220813252,904.0,61.9,66.0,305158.0,67.7,207.5,12445.0
225,2008-10-01,14608.209,736.0,777.0,118.4615,6.5,222500.0,766.4,5.288771953704505,10.15,6967.0,4.9,159.162,1216.2976165344928,876.0,61.7,66.0,305403.0,67.5,207.8,12446.5
226,2008-11-01,14608.209,626.0,652.0,110.4791,6.8,222500.0,747.5,5.288771953704505,10.15,6813.0,6.0,156.071,1241.0865139947573,842.0,61.4,65.9,305620.0,67.5,207.3,12387.1
227,2008-12-01,14608.209,554.0,560.0,103.7368,7.3,222500.0,732.4,5.288771953704505,10.15,6701.0,5.8,152.54399999999998,1176.1881735889067,806.0,61.0,65.8,305827.0,67.5,206.9,12238.5
228,2009-01-01,14430.902,545.0,490.0,95.2495,7.8,208400.0,712.1,5.288771953704505,10.15,6567.0,5.9,149.361,889.3459926977741,783.0,60.6,65.7,306035.0,67.4,211.1,12125.6
229,2009-02-01,14430.902,558.0,582.0,97.6872,8.3,208400.0,688.8,5.288771953704505,10.15,6446.0,5.4,147.61700000000002,938.5842289072557,756.0,60.3,65.8,306237.0,67.4,207.2,12007.4
230,2009-03-01,14430.902,513.0,505.0,86.881,8.7,208400.0,667.1,5.288771953704505,10.15,6291.0,5.8,146.514,962.0523005790767,717.0,59.9,65.6,306438.0,67.4,205.1,11965.3
231,2009-04-01,14381.236,521.0,478.0,81.9703,9.0,220900.0,655.8,5.288771953704505,10.15,6154.0,6.5,146.942,970.2692831996917,677.0,59.8,65.7,306645.0,67.4,209.5,12009.4
232,2009-05-01,14381.236,556.0,540.0,78.8737,9.4,220900.0,643.9,5.288267030694535,9.3,6100.0,7.8,148.16899999999998,937.4111800244144,650.0,59.6,65.7,306863.0,67.4,207.6,12179.6
233,2009-06-01,14381.236,601.0,585.0,78.7749,9.5,220900.0,634.9,5.288267030694535,8.5,6010.0,6.1,149.796,912.7850881994543,627.0,59.4,65.7,307090.0,67.4,204.9,12042.9
234,2009-07-01,14448.882,595.0,594.0,79.6953,9.5,214300.0,629.1,5.288267030694535,7.9,5932.0,5.4,150.748,912.7850881994543,611.0,59.3,65.5,307322.0,67.4,203.1,11998.4
235,2009-08-01,14448.882,616.0,586.0,77.1998,9.6,214300.0,620.8,5.288267030694535,7.5,5855.0,4.4,150.668,906.9239901519103,588.0,59.1,65.4,307570.0,67.4,202.1,12011.2
236,2009-09-01,14448.882,609.0,585.0,76.367,9.8,214300.0,612.8,5.288267030694535,7.8,5787.0,5.5,149.627,823.7939642818834,576.0,58.7,65.1,307826.0,67.4,201.9,12061.1
237,2009-10-01,14651.249,583.0,534.0,67.7512,9.850000000000001,219000.0,606.4,5.288267030694535,7.4,5716.0,5.1,148.584,853.0438519426586,554.0,58.5,65.0,308071.0,67.2,200.6,12069.4
238,2009-11-01,14651.249,623.0,588.0,74.3749,9.850000000000001,219000.0,602.3,5.288267030694535,7.6,5696.0,5.5,147.939,967.9214084316459,532.0,58.6,65.0,308289.0,67.2,199.9,12129.6
239,2009-12-01,14651.249,664.0,581.0,69.8002,9.850000000000001,219000.0,596.2,5.288267030694535,8.0,5654.0,5.4,146.664,857.7260162035103,517.0,58.3,64.6,308495.0,67.2,198.5,12188.2
240,2010-01-01,14764.61,636.0,614.0,68.4778,9.8,222900.0,583.1,5.285738584341177,8.1,5580.0,5.6,145.003,786.3893743450518,501.0,58.5,64.8,308706.0,67.2,198.4,12267.7
241,2010-02-01,14764.61,650.0,604.0,66.3508,9.8,222900.0,578.3,5.285738584341177,8.3,5500.0,5.3,143.054,764.1998006525706,493.0,58.5,64.9,308904.0,67.2,197.9,12267.6
242,2010-03-01,14764.61,687.0,636.0,74.3844,9.850000000000001,222900.0,580.3,5.285738584341177,7.1,5537.0,5.3,143.596,723.363704424488,492.0,58.5,64.9,309095.0,67.2,196.3,12330.9
243,2010-04-01,14980.193,637.0,687.0,83.5931,9.850000000000001,219500.0,579.8,5.2832037287379885,6.2,5553.0,6.0,145.404,842.5111678955918,488.0,58.7,65.2,309289.0,66.9,194.6,12441.8
244,2010-05-01,14980.193,575.0,583.0,81.0539,9.6,219500.0,578.1,5.2832037287379885,9.3,5520.0,6.4,147.04,801.5801172324266,476.0,58.6,64.9,309485.0,66.9,193.3,12543.7
245,2010-06-01,14980.193,587.0,536.0,79.9611,9.4,219500.0,577.2,5.2832037287379885,8.3,5516.0,6.2,147.705,1026.657167383149,447.0,58.5,64.6,309691.0,66.9,192.3,12550.7
246,2010-07-01,15141.607,579.0,546.0,78.0626,9.4,224100.0,570.2,5.2832037287379885,8.9,5508.0,6.1,147.566,649.9954723541376,443.0,58.5,64.6,309913.0,66.7,191.7,12588.7
247,2010-08-01,15141.607,580.0,599.0,80.8866,9.5,224100.0,568.7,5.2832037287379885,8.8,5524.0,6.2,146.43,673.2671341074584,444.0,58.6,64.7,310146.0,66.7,191.5,12652.9
248,2010-09-01,15141.607,563.0,594.0,80.733,9.5,224100.0,568.0,5.2832037287379885,7.6,5501.0,6.1,144.611,719.8659141263417,439.0,58.5,64.6,310385.0,66.7,190.8,12673.4
249,2010-10-01,15309.474,558.0,543.0,82.9329,9.4,224300.0,563.3,5.2832037287379885,8.2,5508.0,5.9,143.13,688.4037716309595,436.0,58.3,64.4,310612.0,66.5,190.0,12723.6
250,2010-11-01,15309.474,560.0,545.0,82.6805,9.8,224300.0,560.8,5.2832037287379885,8.2,5506.0,5.8,141.819,626.7431312387326,431.0,58.2,64.6,310820.0,66.5,188.5,12765.5
251,2010-12-01,15309.474,632.0,539.0,80.3226,9.3,224300.0,559.7,5.2832037287379885,7.0,5467.0,6.2,140.628,641.8549213328145,427.0,58.3,64.3,311020.0,66.5,187.9,12873.1
252,2011-01-01,15351.448,576.0,630.0,79.0521,9.1,226900.0,556.9,5.2832037287379885,7.3,5427.0,6.6,139.036,589.5812937553374,431.0,58.3,64.2,311204.0,66.5,185.8,13080.7
253,2011-02-01,15351.448,542.0,517.0,82.803,9.0,226900.0,559.0,5.2832037287379885,8.1,5451.0,6.9,137.732,700.0526059206887,424.0,58.4,64.1,311373.0,66.5,185.4,13155.6
254,2011-03-01,15351.448,583.0,600.0,80.3605,9.0,226900.0,562.4,5.2832037287379885,7.2,5477.0,6.3,137.785,672.1031021558487,420.0,58.4,64.2,311551.0,66.5,186.5,13178.2
255,2011-04-01,15557.539,581.0,554.0,80.2154,9.1,228100.0,563.5,5.2832037287379885,6.7,5485.0,6.3,139.158,623.2569880027295,417.0,58.4,64.2,311740.0,66.0,189.0,13212.8
256,2011-05-01,15557.539,618.0,561.0,83.0405,9.0,228100.0,560.1,5.297316866214453,6.6,5516.0,6.3,140.69299999999998,623.2569880027295,415.0,58.3,64.1,311935.0,66.0,188.0,13239.1
257,2011-06-01,15557.539,636.0,608.0,85.5086,9.1,228100.0,567.5,5.297316866214453,6.6,5528.0,6.5,141.945,658.1383897466948,416.0,58.2,64.0,312147.0,66.0,186.9,13295.7
258,2011-07-01,15647.68,621.0,623.0,86.6224,9.0,223500.0,565.1,5.297316866214453,6.7,5547.0,6.7,142.343,722.1977306190296,417.0,58.2,64.0,312372.0,66.1,188.6,13375.8
259,2011-08-01,15647.68,647.0,585.0,88.4423,9.0,223500.0,564.4,5.297316866214453,6.5,5552.0,6.7,141.786,698.8875188122526,414.0,58.3,64.1,312605.0,66.1,187.8,13400.3
260,2011-09-01,15647.68,610.0,650.0,87.5078,9.0,223500.0,565.6,5.297316866214453,6.3,5584.0,6.4,140.16899999999998,686.0745511147957,417.0,58.4,64.2,312842.0,66.1,189.3,13401.5
261,2011-10-01,15842.259,671.0,610.0,88.3034,8.8,221100.0,571.7,5.3003153692107094,6.0,5588.0,6.3,138.41,643.0177112379499,422.0,58.4,64.1,313060.0,65.9,180.8,13406.4
262,2011-11-01,15842.259,706.0,711.0,87.7571,8.6,221100.0,571.9,5.3003153692107094,5.7,5593.0,6.4,136.666,665.1198955086791,433.0,58.6,64.1,313260.0,65.9,181.9,13419.7
263,2011-12-01,15842.259,697.0,694.0,92.3676,8.5,221100.0,575.0,5.299816242671772,5.3,5611.0,7.2,135.167,694.227621795581,434.0,58.6,64.0,313454.0,65.9,182.5,13548.9
264,2012-01-01,16068.805,712.0,723.0,95.8403,8.3,238400.0,575.2,5.299816242671772,5.3,5626.0,7.4,134.168,618.6095011191051,441.0,58.4,63.7,313636.0,65.6,185.4,13631.6
265,2012-02-01,16068.805,738.0,704.0,95.3474,8.3,238400.0,576.8,5.299816242671772,4.8,5629.0,7.3,133.997,637.2042513093443,450.0,58.5,63.8,313811.0,65.6,185.8,13731.1
266,2012-03-01,16068.805,806.0,695.0,93.6095,8.2,238400.0,573.0,5.299816242671772,4.9,5625.0,7.6,135.865,661.628928951773,458.0,58.5,63.8,313993.0,65.6,185.2,13798.5
267,2012-04-01,16207.115,732.0,753.0,94.8689,8.2,238700.0,572.0,5.299816242671772,4.9,5618.0,7.9,138.471,765.3673039676512,463.0,58.4,63.7,314176.0,65.6,187.2,13868.1
268,2012-05-01,16207.115,796.0,708.0,92.7701,8.2,238700.0,574.0,5.307277107919509,4.7,5604.0,7.9,141.048,712.8715184635014,474.0,58.5,63.7,314368.0,65.6,188.7,13850.3
269,2012-06-01,16207.115,794.0,757.0,91.4465,8.2,238700.0,576.2,5.3067814449601665,4.8,5621.0,7.9,143.16899999999998,711.7059402501143,486.0,58.6,63.8,314576.0,65.6,188.8,13837.1
270,2012-07-01,16319.541,849.0,740.0,90.0581,8.2,248800.0,583.4,5.3067814449601665,4.6,5632.0,7.0,144.283,771.2054393581445,490.0,58.5,63.7,314796.0,65.4,188.3,13752.9
271,2012-08-01,16319.541,840.0,754.0,90.1465,8.1,248800.0,584.8,5.3067814449601665,4.6,5648.0,6.7,144.70600000000002,780.5485868173369,495.0,58.4,63.5,315031.0,65.4,189.0,13768.5
272,2012-09-01,16319.541,930.0,847.0,89.7802,7.8,248800.0,586.5,5.3067814449601665,4.5,5661.0,7.2,144.357,743.1918785382171,511.0,58.7,63.6,315264.0,65.4,189.1,13914.1
273,2012-10-01,16420.419,887.0,915.0,91.4772,7.8,251700.0,582.7,5.3067814449601665,4.9,5674.0,7.8,143.967,834.3211908879525,520.0,58.8,63.8,315485.0,65.3,188.8,14049.2
274,2012-11-01,16420.419,917.0,833.0,95.9137,7.7,251700.0,590.9,5.3067814449601665,4.6,5684.0,8.7,143.959,761.8649182654456,534.0,58.7,63.6,315692.0,65.3,189.1,14230.7
275,2012-12-01,16420.419,941.0,976.0,96.1474,7.9,251700.0,594.7,5.3067814449601665,4.5,5724.0,10.3,143.866,772.3731897820094,551.0,58.7,63.7,315877.0,65.3,188.3,14581.4
276,2013-01-01,16648.189,940.0,888.0,98.907,8.0,258400.0,595.6,5.310245937413311,4.0,5746.0,4.9,144.31,815.6082775575657,559.0,58.6,63.7,316038.0,65.2,194.7,13880.4
277,2013-02-01,16648.189,980.0,962.0,100.6487,7.7,258400.0,597.9,5.310245937413311,4.1,5784.0,4.7,145.161,833.1513460642285,581.0,58.6,63.4,316191.0,65.2,194.4,13902.0
278,2013-03-01,16648.189,936.0,1010.0,100.5747,7.5,258400.0,601.9,5.310245937413311,4.2,5802.0,4.8,147.96,935.0651845248701,596.0,58.5,63.3,316357.0,65.2,194.6,13932.2
279,2013-04-01,16728.687,1012.0,835.0,95.5687,7.6,268100.0,607.6,5.322033893165353,4.4,5796.0,5.1,150.968,813.2698592802341,606.0,58.6,63.4,316535.0,65.1,196.2,13974.9
280,2013-05-01,16728.687,1003.0,930.0,99.5607,7.5,268100.0,610.4,5.322033893165353,4.6,5829.0,5.3,153.859,808.5934913006519,620.0,58.6,63.4,316729.0,65.1,197.5,14052.5
281,2013-06-01,16728.687,942.0,839.0,101.1157,7.5,268100.0,610.8,5.322033893165353,4.1,5855.0,5.4,156.42700000000002,841.3410576145313,629.0,58.6,63.4,316934.0,65.1,197.5,14083.9
282,2013-07-01,16953.838,997.0,880.0,101.9294,7.3,264800.0,610.6,5.322033893165353,5.5,5859.0,5.2,158.286,897.5480641490019,640.0,58.7,63.3,317156.0,65.2,197.2,14072.0
283,2013-08-01,16953.838,964.0,917.0,103.143,7.2,264800.0,613.8,5.312220271717028,5.5,5878.0,5.2,159.394,875.2893917291432,654.0,58.7,63.3,317397.0,65.2,197.7,14117.3
284,2013-09-01,16953.838,1004.0,850.0,105.1505,7.2,264800.0,615.1,5.312220271717028,5.4,5910.0,5.3,159.672,888.1744111550595,661.0,58.7,63.2,317635.0,65.2,197.6,14181.7
285,2013-10-01,17192.019,1044.0,925.0,103.4174,7.2,273600.0,621.2,5.312220271717028,4.9,5931.0,4.7,159.556,917.4745960020188,670.0,58.3,62.8,317864.0,65.1,197.9,14152.3
286,2013-11-01,17192.019,1029.0,1100.0,100.2048,6.9,273600.0,625.8,5.312220271717028,5.0,5963.0,4.5,159.364,962.0523005790767,687.0,58.6,63.0,318076.0,65.1,198.0,14209.6
287,2013-12-01,17192.019,1005.0,1002.0,99.2019,6.7,273600.0,628.6,5.312220271717028,5.2,5932.0,4.5,159.281,890.5176100675801,707.0,58.7,62.9,318276.0,65.1,197.4,14266.5
288,2014-01-01,17197.738,976.0,888.0,96.8279,6.6,275200.0,632.4,5.337538079701318,5.1,5985.0,5.2,159.368,960.8785785843683,713.0,58.8,62.9,318464.0,64.9,200.8,14369.2
289,2014-02-01,17197.738,1039.0,944.0,96.6639,6.7,275200.0,641.6,5.337538079701318,5.3,6007.0,5.3,159.871,1005.5030654172164,714.0,58.7,62.9,318642.0,64.9,199.2,14456.4
290,2014-03-01,17197.738,1067.0,970.0,98.2095,6.7,275200.0,642.4,5.337538079701318,5.6,6038.0,5.2,161.188,1025.481672038957,726.0,58.9,63.1,318827.0,64.9,199.3,14555.0
291,2014-04-01,17518.508,1090.0,1043.0,99.8622,6.2,288000.0,650.5,5.337538079701318,5.7,6084.0,5.4,162.968,956.184023813451,743.0,58.9,62.8,319020.0,64.8,207.0,14624.5
292,2014-05-01,17518.508,1018.0,1007.0,103.247,6.3,288000.0,650.0,5.337538079701318,5.2,6109.0,5.6,164.683,1023.1307752297018,754.0,58.9,62.9,319225.0,64.8,207.1,14689.5
293,2014-06-01,17518.508,1010.0,911.0,102.0049,6.1,288000.0,657.1,5.337538079701318,5.7,6133.0,5.6,166.21200000000002,916.3021667751452,771.0,59.0,62.8,319438.0,64.8,207.0,14760.1
294,2014-07-01,17804.228,1076.0,1085.0,104.798,6.2,281000.0,665.1,5.337538079701318,6.2,6178.0,5.5,167.136,962.0523005790767,790.0,59.0,62.9,319670.0,64.3,207.0,14821.1
295,2014-08-01,17804.228,1047.0,984.0,103.4822,6.1,281000.0,669.8,5.337538079701318,5.4,6210.0,5.3,167.451,1043.117367802894,793.0,59.0,62.9,319919.0,64.3,207.8,14894.2
296,2014-09-01,17804.228,1077.0,1023.0,106.4102,5.9,281000.0,677.3,5.337538079701318,5.4,6242.0,5.5,167.241,1121.973173015149,797.0,59.1,62.8,320166.0,64.3,208.8,14951.2
297,2014-10-01,17912.079,1094.0,1074.0,107.4771,5.7,298900.0,674.1,5.337538079701318,5.3,6259.0,5.4,166.91,1057.230915927292,806.0,59.3,62.9,320403.0,63.9,210.5,15022.7
298,2014-11-01,17912.079,1059.0,1001.0,99.994,5.8,298900.0,676.7,5.337538079701318,5.7,6272.0,5.6,166.657,990.231513816432,814.0,59.2,62.9,320616.0,63.9,210.3,15094.0
299,2014-12-01,17912.079,1072.0,1073.0,107.8144,5.6,298900.0,672.6,5.338018733399589,5.1,6293.0,6.0,166.459,1098.4202251538634,826.0,59.3,62.8,320815.0,63.9,210.0,15170.9
300,2015-01-01,18063.529,1049.0,1085.0,108.0196,5.7,289200.0,680.1,5.343290732190768,4.8,6320.0,6.3,166.24900000000002,1097.2428834375091,830.0,59.3,62.9,320997.0,63.8,217.3,15230.8
301,2015-02-01,18063.529,1127.0,886.0,98.3234,5.5,289200.0,680.4,5.343290732190768,4.5,6361.0,6.4,166.63,990.231513816432,830.0,59.2,62.7,321164.0,63.8,217.7,15313.3
302,2015-03-01,18063.529,1072.0,960.0,98.0626,5.4,289200.0,682.1,5.343290732190768,5.1,6334.0,5.9,168.088,894.0326766911373,843.0,59.2,62.6,321344.0,63.8,217.3,15314.2
303,2015-04-01,18279.784,1166.0,1190.0,102.8839,5.4,289100.0,684.7,5.3442462984364365,4.9,6392.0,5.9,169.96900000000002,1152.609143071764,868.0,59.3,62.8,321538.0,63.5,225.0,15373.5
304,2015-05-01,18279.784,1272.0,1079.0,104.7122,5.6,289100.0,690.0,5.3442462984364365,5.0,6427.0,5.8,171.85,1165.5762383433346,878.0,59.4,62.9,321740.0,63.5,224.4,15442.7
305,2015-06-01,18279.784,1379.0,1205.0,107.4307,5.3,289100.0,688.5,5.3442462984364365,5.4,6441.0,5.7,173.45,1106.6624358882777,896.0,59.4,62.7,321954.0,63.5,223.7,15479.0
306,2015-07-01,18401.626,1140.0,1146.0,112.8845,5.2,295800.0,697.7,5.3442462984364365,5.2,6472.0,5.6,174.49599999999998,1137.2887628371423,908.0,59.3,62.6,322186.0,63.6,223.9,15518.6
307,2015-08-01,18401.626,1165.0,1130.0,114.3793,5.1,295800.0,698.2,5.3442462984364365,5.0,6490.0,5.6,174.938,1120.7952509157606,921.0,59.4,62.6,322427.0,63.6,224.8,15550.5
308,2015-09-01,18401.626,1144.0,1224.0,114.5231,5.0,295800.0,699.8,5.3442462984364365,5.9,6508.0,5.8,175.044,1198.5984270231907,939.0,59.2,62.4,322670.0,63.6,224.1,15570.5
309,2015-10-01,18435.137,1160.0,1058.0,113.241,5.0,302500.0,702.6,5.3442462984364365,5.6,6547.0,5.8,175.049,1133.753968528856,943.0,59.3,62.5,322901.0,63.7,224.3,15608.0
310,2015-11-01,18435.137,1244.0,1172.0,112.7522,5.1,302500.0,708.9,5.3442462984364365,5.5,6598.0,5.6,175.141,1151.430483601322,962.0,59.4,62.5,323113.0,63.7,223.8,15615.4
311,2015-12-01,18435.137,1211.0,1146.0,119.8456,5.0,302500.0,712.9,5.3442462984364365,5.1,6630.0,5.8,175.114,1178.5466840587496,970.0,59.6,62.7,323318.0,63.7,224.1,15668.4
312,2016-01-01,18525.933,1171.0,1092.0,116.7888,4.8,299800.0,714.2,5.374352052824034,5.6,6631.0,6.1,175.03400000000002,1217.4777761291355,968.0,59.7,62.7,323509.0,63.5,231.5,15695.5
313,2016-02-01,18525.933,1172.0,1225.0,119.0626,4.9,299800.0,717.0,5.374352052824034,5.5,6640.0,5.6,175.27900000000002,1195.0593143796095,982.0,59.8,62.8,323687.0,63.5,229.3,15695.9
314,2016-03-01,18525.933,1118.0,1111.0,118.9009,5.0,299800.0,720.5,5.375278407684165,5.5,6678.0,5.9,176.6,1154.966545942809,987.0,59.8,63.0,323871.0,63.5,229.6,15731.6
315,2016-04-01,18711.702,1160.0,1163.0,109.6192,5.1,306000.0,726.2,5.378513908542313,5.0,6702.0,5.5,178.49400000000003,1086.6481314355337,998.0,59.7,62.9,324061.0,63.1,233.4,15758.9
316,2016-05-01,18711.702,1205.0,1148.0,107.7492,4.8,306000.0,726.8,5.378513908542313,5.1,6689.0,5.3,180.343,1151.430483601322,1010.0,59.7,62.7,324260.0,63.1,233.2,15777.2
317,2016-06-01,18711.702,1208.0,1203.0,110.7745,4.9,306000.0,727.4,5.378513908542313,5.3,6701.0,4.9,181.914,1280.0636528981615,1016.0,59.7,62.7,324476.0,63.1,233.7,15821.4
318,2016-07-01,18892.639,1198.0,1239.0,105.8163,4.8,303800.0,728.1,5.378513908542313,4.5,6735.0,5.1,183.016,1236.3639256979764,1033.0,59.8,62.8,324697.0,63.4,235.4,15891.5
319,2016-08-01,18892.639,1201.0,1171.0,105.2523,4.9,303800.0,734.3,5.378513908542313,5.0,6736.0,5.1,183.654,1215.1174835277395,1038.0,59.8,62.9,324924.0,63.4,235.1,15931.3
320,2016-09-01,18892.639,1303.0,1068.0,105.2719,5.0,303800.0,744.9,5.378513908542313,5.2,6768.0,5.1,183.944,1192.7000410977444,1038.0,59.7,62.9,325155.0,63.4,234.9,15999.1
321,2016-10-01,19089.379,1254.0,1313.0,106.2018,4.9,310900.0,743.8,5.378513908542313,5.2,6799.0,5.3,184.018,1234.0027885141042,1053.0,59.7,62.8,325368.0,63.5,234.7,16059.4
322,2016-11-01,19089.379,1230.0,1140.0,107.0915,4.7,310900.0,744.0,5.378513908542313,5.2,6823.0,5.4,184.231,1439.7946969926336,1042.0,59.7,62.7,325562.0,63.5,234.9,16107.6
323,2016-12-01,19089.379,1248.0,1252.0,103.4522,4.7,310900.0,741.9,5.378513908542313,5.4,6818.0,5.0,184.403,1270.6120861673755,1057.0,59.7,62.7,325742.0,63.5,233.9,16182.5
324,2017-01-01,19280.084,1296.0,1190.0,103.6667,4.7,313100.0,744.3,5.38632824387075,5.4,6840.0,5.3,184.654,1246.9903360278088,1063.0,59.9,62.8,325901.0,63.6,238.9,16293.3
325,2017-02-01,19280.084,1237.0,1271.0,109.3678,4.6,313100.0,747.6,5.38632824387075,5.3,6881.0,5.6,185.02,1326.1630434195035,1070.0,60.0,62.9,326050.0,63.6,239.4,16363.5
326,2017-03-01,19280.084,1273.0,1190.0,104.1273,4.4,313100.0,746.5,5.38541207339897,5.0,6902.0,5.6,186.529,1324.9805371901564,1071.0,60.2,62.9,326207.0,63.6,239.3,16415.1
327,2017-04-01,19438.643,1239.0,1146.0,99.4783,4.4,318200.0,745.1,5.394536224288579,5.4,6916.0,5.7,188.543,1232.8222592466898,1075.0,60.2,63.0,326371.0,63.9,245.3,16476.0
328,2017-05-01,19438.643,1205.0,1157.0,98.5261,4.4,318200.0,747.2,5.394536224288579,5.1,6931.0,6.3,190.54,1352.184338668874,1071.0,60.1,62.8,326548.0,63.9,245.5,16573.2
329,2017-06-01,19438.643,1353.0,1249.0,98.5578,4.3,318200.0,747.5,5.394536224288579,5.3,6962.0,6.0,192.267,1430.317197858856,1073.0,60.1,62.8,326743.0,63.9,245.4,16604.0
330,2017-07-01,19692.595,1254.0,1206.0,96.7684,4.3,320500.0,753.2,5.394536224288579,5.8,6968.0,6.0,193.512,1355.7336032596218,1075.0,60.2,62.9,326939.0,63.9,245.6,16665.9
331,2017-08-01,19692.595,1336.0,1159.0,96.8806,4.4,320500.0,752.7,5.428028973069694,6.1,7002.0,6.1,194.347,1277.700608821649,1083.0,60.1,62.9,327140.0,63.9,245.6,16733.7
332,2017-09-01,19692.595,1277.0,1181.0,96.879,4.3,320500.0,752.2,5.517452896464707,5.3,7013.0,5.9,194.818,1284.79004476689,1093.0,60.4,63.1,327342.0,63.9,244.7,16841.9
333,2017-10-01,20037.088,1360.0,1257.0,98.9506,4.2,337900.0,759.7,5.517452896464707,5.5,7031.0,6.0,195.085,1382.9517612169393,1101.0,60.1,62.7,327528.0,64.0,243.8,16930.8
334,2017-11-01,20037.088,1295.0,1273.0,101.8784,4.2,337900.0,763.3,5.517452896464707,4.8,7068.0,5.6,195.452,1366.3826895843695,1107.0,60.1,62.7,327699.0,64.0,243.4,16997.5
335,2017-12-01,20037.088,1312.0,1177.0,102.0626,4.1,337900.0,772.5,5.517452896464707,5.6,7091.0,5.0,195.848,1387.686630937525,1100.0,60.1,62.7,327848.0,64.0,243.3,17058.2
336,2018-01-01,20328.553,1311.0,1299.0,100.0281,4.0,331800.0,776.7,5.446306244261486,6.0,7093.0,5.7,196.114,1397.1574947422291,1105.0,60.1,62.7,327969.0,64.2,246.8,17141.7
337,2018-02-01,20328.553,1331.0,1277.0,101.3911,4.1,331800.0,785.2,5.446306244261486,5.7,7184.0,5.8,196.901,1491.9466032089565,1109.0,60.4,63.0,328085.0,64.2,246.6,17204.1
338,2018-03-01,20328.553,1381.0,1318.0,100.3022,4.0,331800.0,787.9,5.486869473092628,5.2,7194.0,5.9,198.57,1365.1993623165686,1121.0,60.4,62.9,328219.0,64.2,246.5,17268.2
339,2018-04-01,20580.912,1365.0,1276.0,102.4601,4.0,315600.0,792.9,5.495937960631161,5.6,7212.0,6.0,200.615,1416.1036860378558,1124.0,60.4,62.9,328364.0,64.5,248.1,17328.7
340,2018-05-01,20580.912,1331.0,1357.0,105.2745,3.8,315600.0,798.1,5.5053315359323625,5.5,7274.0,6.0,202.453,1461.1243541280994,1131.0,60.5,62.9,328521.0,64.5,249.2,17404.4
341,2018-06-01,20580.912,1338.0,1192.0,103.0784,4.0,315600.0,802.2,5.5053315359323625,5.8,7292.0,6.3,204.043,1401.8934864025452,1126.0,60.5,63.0,328692.0,64.5,251.0,17488.4
342,2018-07-01,20798.73,1333.0,1208.0,103.6884,3.8,330900.0,803.0,5.50573795739701,6.0,7318.0,6.5,204.95,1328.5281293123649,1127.0,60.6,63.0,328863.0,64.4,250.3,17587.6
343,2018-08-01,20798.73,1293.0,1288.0,103.0046,3.8,330900.0,802.1,5.527840524826286,6.5,7347.0,6.6,205.327,1461.1243541280994,1129.0,60.3,62.6,329040.0,64.4,249.6,17664.0
344,2018-09-01,20798.73,1320.0,1250.0,100.7646,3.7,330900.0,803.8,5.527840524826286,6.6,7375.0,6.8,205.373,1372.2996824981076,1135.0,60.4,62.8,329216.0,64.4,249.7,17693.5
345,2018-10-01,20917.867,1280.0,1221.0,100.0901,3.8,322800.0,803.4,5.527840524826286,7.2,7389.0,6.7,205.368,1295.42590061419,1141.0,60.5,62.9,329379.0,64.6,250.3,17749.8
346,2018-11-01,20917.867,1334.0,1181.0,95.3075,3.8,322800.0,808.8,5.527840524826286,6.4,7386.0,6.5,205.105,1306.0637845787485,1144.0,60.6,62.9,329527.0,64.6,249.9,17795.7
347,2018-12-01,20917.867,1320.0,1095.0,96.3338,3.9,322800.0,812.7,5.521460917862246,7.6,7396.0,8.4,204.697,1213.9373771334776,1148.0,60.6,63.0,329659.0,64.6,249.9,18012.4
348,2019-01-01,21104.133,1254.0,1232.0,102.6488,4.0,313000.0,816.2,5.52823790214127,7.0,7424.0,8.2,204.203,1456.3838016474133,1152.0,60.6,63.1,329766.0,64.2,252.7,18053.9
349,2019-02-01,21104.133,1302.0,1128.0,98.9187,3.8,313000.0,813.7,5.527442989539794,6.4,7396.0,8.5,204.432,1546.5143394355935,1140.0,60.7,63.1,329862.0,64.2,252.1,18151.4
350,2019-03-01,21104.133,1291.0,1195.0,97.4072,3.8,313000.0,816.9,5.534969267887039,5.7,7422.0,7.9,205.781,1507.3632941849182,1125.0,60.6,63.0,329977.0,64.2,251.2,18229.5
351,2019-04-01,21384.775,1298.0,1267.0,98.5315,3.6,322500.0,811.0,5.538514672428074,5.8,7459.0,7.7,207.694,1540.5808685703723,1123.0,60.6,62.9,330103.0,64.3,255.6,18262.1
352,2019-05-01,21384.775,1338.0,1307.0,98.1995,3.7,322500.0,812.2,5.551019720103791,6.7,7486.0,7.3,209.358,1418.4723755165087,1132.0,60.6,62.9,330240.0,64.3,258.1,18277.0
353,2019-06-01,21384.775,1301.0,1228.0,98.042,3.6,322500.0,815.6,5.541655625147766,5.2,7511.0,7.1,210.593,1351.0012985169128,1142.0,60.7,63.0,330393.0,64.3,257.7,18310.5
354,2019-07-01,21694.282,1347.0,1245.0,102.4513,3.7,318400.0,817.5,5.538907831465967,5.9,7525.0,6.8,211.344,1410.1823651791688,1146.0,60.8,63.1,330553.0,64.7,255.5,18328.6
355,2019-08-01,21694.282,1528.0,1367.0,103.3392,3.7,318400.0,824.7,5.533784667551078,5.4,7530.0,7.0,211.703,1499.061541642173,1149.0,60.8,63.1,330729.0,64.7,255.4,18423.6
356,2019-09-01,21694.282,1491.0,1300.0,106.1046,3.5,318400.0,825.8,5.538907831465967,5.4,7551.0,7.2,211.881,1328.5281293123649,1161.0,61.0,63.2,330904.0,64.7,255.5,18474.4
357,2019-10-01,21902.39,1538.0,1332.0,102.4713,3.6,327100.0,828.6,5.529825834193874,5.3,7556.0,7.3,211.974,1499.061541642173,1160.0,61.0,63.3,331066.0,65.0,255.4,18549.5
358,2019-11-01,21902.39,1522.0,1346.0,97.2591,3.6,327100.0,830.7,5.5329941536759195,5.4,7545.0,7.1,212.112,1439.7946969926336,1165.0,61.0,63.3,331213.0,65.0,255.1,18630.7
359,2019-12-01,21902.39,1461.0,1551.0,100.0059,3.6,327100.0,828.2,5.536152466605236,5.6,7528.0,6.4,212.243,1518.0385356447707,1177.0,61.0,63.3,331345.0,65.0,255.0,18583.8
360,2020-01-01,21706.513,1500.0,1572.0,107.993,3.5,329000.0,828.4,5.536940488710632,5.7,7580.0,7.2,212.404,1508.5493456525217,1195.0,61.1,63.3,331443.0,65.3,254.2,18821.5
361,2020-02-01,21706.513,1440.0,1565.0,105.8406,3.5,329000.0,837.2,5.540086381985411,5.6,7608.0,7.7,213.224,1471.791901554913,1213.0,61.1,63.3,331525.0,65.3,253.9,18925.6
362,2020-03-01,21706.513,1348.0,1267.0,100.6725,4.4,329000.0,833.5,5.553734478412542,6.5,7539.0,10.3,215.2,1443.3491332205817,1215.0,59.8,62.6,331634.0,65.3,253.9,18577.4
363,2020-04-01,19913.143,1050.0,925.0,95.8725,9.850000000000001,322600.0,708.4,5.555282466337757,6.9,6527.0,10.3,217.245,1395.9735550253092,1193.0,54.650000000000006,60.1,331684.0,68.0,257.2,20750.9
364,2020-05-01,19913.143,1253.0,1054.0,99.8972,9.850000000000001,322600.0,773.6,5.577084821610244,5.4,7009.0,10.3,218.493,1353.3674028566543,1180.0,54.650000000000006,60.8,331685.0,68.0,256.2,19877.2
365,2020-06-01,19913.143,1329.0,1266.0,104.5993,9.850000000000001,322600.0,793.6,5.577084821610244,3.8,7170.0,10.3,219.82,1439.7946969926336,1183.0,54.7,61.5,331728.0,68.0,258.4,19920.9
366,2020-07-01,21647.64,1526.0,1529.0,105.4513,9.850000000000001,337500.0,803.1,5.5698700570699335,3.4,7195.0,10.3,221.578,1522.7836477998937,1201.0,55.2,61.5,331795.0,67.3,259.7,20191.5
367,2020-08-01,21647.64,1564.0,1377.0,103.4103,8.4,337500.0,810.0,5.5698700570699335,3.3,7225.0,10.3,224.05900000000003,1432.686436302165,1213.0,56.5,61.7,331870.0,67.3,259.6,19594.2
368,2020-09-01,21647.64,1643.0,1463.0,101.6846,7.9,337500.0,818.9,5.577084821610244,3.4,7256.0,10.3,226.812,1679.5591837454324,1218.0,56.6,61.4,331950.0,67.3,259.8,19744.9
369,2020-10-01,22024.502,1622.0,1537.0,102.824,6.9,358700.0,827.2,5.577084821610244,3.3,7310.0,10.3,229.824,1589.250821234328,1228.0,57.4,61.7,332025.0,65.7,259.7,19758.5
370,2020-11-01,22024.502,1713.0,1545.0,104.775,6.7,358700.0,828.0,5.577084821610244,4.0,7317.0,10.3,232.33,1435.0557657342565,1248.0,57.4,61.5,332063.0,65.7,259.5,19610.4
371,2020-12-01,22024.502,1760.0,1663.0,105.794,6.7,358700.0,837.6,5.577084821610244,4.1,7355.0,10.3,234.381,1608.253426932135,1262.0,57.4,61.5,332047.0,65.7,259.6,19775.2
372,2021-01-01,22600.185,1866.0,1602.0,107.7894,6.3,369800.0,842.5,5.577841251298354,4.0,7363.0,10.3,236.456,1558.3828654147555,1282.0,57.5,61.3,331992.0,65.6,260.7,21760.9
373,2021-02-01,22600.185,1700.0,1422.0,94.1235,6.2,369800.0,846.2,5.581238121898107,4.9,7291.0,10.3,239.238,1532.2749013140358,1286.0,57.6,61.4,331968.0,65.6,261.3,20254.0
374,2021-03-01,22600.185,1731.0,1700.0,99.3792,6.1,369800.0,858.0,5.580861261143694,4.4,7395.0,10.3,244.234,1695.0181408148492,1308.0,57.8,61.5,332007.0,65.6,261.2,24471.8
375,2021-04-01,23292.362,1714.0,1484.0,102.5381,6.1,382600.0,854.3,5.586124431187969,4.7,7406.0,10.3,249.841,1670.0476197161481,1320.0,57.9,61.6,332073.0,65.5,268.0,21304.2
376,2021-05-01,23292.362,1680.0,1600.0,99.2814,5.8,382600.0,855.8,5.598421958998375,5.6,7394.0,9.9,255.465,1550.0746758662665,1338.0,58.0,61.5,332144.0,65.5,268.2,20899.7
377,2021-06-01,23292.362,1644.0,1661.0,96.703,5.9,382600.0,857.8,5.598421958998375,5.8,7400.0,8.7,261.188,1503.805269879629,1372.0,58.0,61.7,332231.0,65.5,268.4,20934.3
378,2021-07-01,23828.973,1618.0,1593.0,95.8351,5.4,411200.0,867.2,5.608797575275796,5.7,7415.0,9.4,265.524,1578.5641699646071,1387.0,58.4,61.8,332358.0,65.4,269.453,21156.5
379,2021-08-01,23828.973,1837.0,1576.0,95.9847,5.2,411200.0,873.6,5.608797575275796,6.5,7431.0,8.7,268.8,1520.4110487326936,1412.0,58.6,61.7,332489.0,65.4,271.193,21207.3
380,2021-09-01,23828.973,1636.0,1560.0,96.9222,4.8,411200.0,879.9,5.608797575275796,6.0,7472.0,7.2,271.455,1425.578994513482,1437.0,58.8,61.7,332594.0,65.4,271.694,21051.2
381,2021-10-01,24654.603,1727.0,1572.0,97.2735,4.5,423600.0,882.8,5.608797575275796,6.8,7514.0,6.6,273.66700000000003,1457.5689062193799,1464.0,59.0,61.8,332692.0,65.5,271.977,21201.4
382,2021-11-01,24654.603,1775.0,1712.0,101.2447,4.2,423600.0,889.2,5.633628214732994,6.0,7560.0,6.2,276.035,1611.8169979572715,1493.0,59.4,61.9,332790.0,65.5,270.722,21297.7
383,2021-12-01,24654.603,1948.0,1787.0,105.87,3.9,423600.0,896.4,5.633628214732994,5.6,7594.0,6.1,278.613,1550.0746758662665,1526.0,59.5,62.0,332876.0,65.5,271.163,21352.9
384,2022-01-01,25029.116,1898.0,1669.0,102.9497,4.0,433100.0,902.9,5.6854351878381415,5.8,7590.0,4.1,281.99,1454.013659703953,1553.0,59.7,62.2,332918.0,65.4,280.267,21294.8
385,2022-02-01,25029.116,1817.0,1771.0,101.875,3.8,433100.0,910.6,5.711426517707953,6.2,7669.0,4.1,287.224,1590.4383301605285,1581.0,59.8,62.2,332959.0,65.4,281.955,21426.2
386,2022-03-01,25029.116,1877.0,1713.0,101.5162,3.6,433100.0,913.6,5.711426517707953,7.0,7692.0,3.4,295.04400000000004,1572.627866676633,1631.0,60.1,62.4,333056.0,65.4,281.915,21510.5
387,2022-04-01,25544.273,1795.0,1803.0,97.823,3.6,449300.0,918.3,5.722450471574612,8.5,7698.0,3.1,301.695,1578.5641699646071,1669.0,59.9,62.2,333184.0,65.9,287.439,21581.3
388,2022-05-01,25544.273,1708.0,1543.0,98.8438,3.6,449300.0,925.1,5.722450471574612,8.3,7736.0,3.1,306.472,1679.5591837454324,1680.0,60.0,62.3,333317.0,65.9,287.567,21657.1
389,2022-06-01,25544.273,1701.0,1561.0,100.5367,3.6,449300.0,921.4,5.738872874926819,9.5,7749.0,2.7,308.266,1615.3807519672953,1688.0,59.9,62.2,333460.0,65.9,288.522,21740.7
390,2022-07-01,25994.639,1658.0,1371.0,99.3388,3.5,468000.0,924.1,5.738872874926819,10.1,7773.0,3.5,307.10400000000004,1620.1327079591147,1683.0,59.9,62.1,333624.0,66.0,296.731,21910.5
391,2022-08-01,25994.639,1586.0,1505.0,97.9552,3.7,468000.0,924.5,5.738872874926819,8.7,7781.0,3.2,303.658,1571.4406684017665,1702.0,60.1,62.3,333799.0,66.0,299.595,22024.3
392,2022-09-01,25994.639,1588.0,1463.0,98.9721,3.5,468000.0,924.6,5.7426569740382565,9.7,7797.0,3.0,300.481,1670.0476197161481,1698.0,60.1,62.3,333976.0,66.0,301.55,22121.5
393,2022-10-01,26408.405,1555.0,1432.0,99.6175,3.7,479500.0,929.5,5.7426569740382565,9.7,7814.0,3.0,298.707,1563.1308645359436,1710.0,60.0,62.2,334141.0,65.9,306.085,22242.2
394,2022-11-01,26408.405,1402.0,1427.0,92.0686,3.6,479500.0,929.0,5.7426569740382565,9.4,7833.0,3.3,296.904,1794.9845244241835,1695.0,59.9,62.2,334287.0,65.9,307.269,22267.7
395,2022-12-01,26408.405,1409.0,1357.0,92.3086,3.5,479500.0,934.3,5.7426569740382565,8.5,7859.0,3.4,294.392,1613.0048956479905,1696.0,60.1,62.3,334420.0,65.9,307.445,22312.3
396,2023-01-01,26813.601,1354.0,1340.0,95.9918,3.4,429000.0,935.8,5.806197657075406,8.1,7885.0,4.4,292.82,1597.563815637941,1695.0,60.2,62.4,334533.0,66.0,322.376,22525.3
