DATE,GDP,permit,house_st,IPI_Cement,unemployed_rate,MSPUS,all_const_emp,PPI_Concrete,monthly_supply,total_emp_cons,p_saving_rate,ushpi,new_private_house,new_private_hw_under,emp_pop_ratio,labor_percent,population,home_ow_rate,PPI_Cement,income
1990-01-01,5872.701,1748.0,1551.0,138.1363,5.4,123900.0,710.3,122.2,7.0,5422.0,7.9,76.527,1508.0,891.0,63.2,66.8,248743.0,64.1,101.7,4783.8
1990-02-01,5872.701,1329.0,1437.0,134.7538,5.3,123900.0,707.3,122.2,7.6,5416.0,8.5,76.587,1352.0,898.0,63.2,66.7,248920.0,64.1,101.7,4819.8
1990-03-01,5872.701,1246.0,1289.0,132.5115,5.2,123900.0,703.0,122.2,7.8,5392.0,8.3,76.79,1345.0,885.0,63.2,66.7,249146.0,64.1,102.0,4842.7
1990-04-01,5960.028,1136.0,1248.0,127.1853,5.4,126800.0,692.5,122.2,8.3,5355.0,8.7,77.038,1332.0,872.0,63.0,66.6,249436.0,63.9,102.5,4883.8
1990-05-01,5960.028,1067.0,1212.0,123.8842,5.4,126800.0,688.6,122.2,8.2,5321.0,8.7,77.297,1351.0,858.0,63.1,66.6,249707.0,63.9,102.5,4889.5
1990-06-01,5960.028,1108.0,1177.0,123.1067,5.2,126800.0,681.4,122.2,7.9,5303.0,8.6,77.505,1263.0,846.0,62.9,66.4,249990.0,63.9,102.4,4919.3
1990-07-01,6015.116,1078.0,1171.0,122.3559,5.5,117000.0,673.9,122.2,7.8,5274.0,8.7,77.561,1295.0,831.0,62.8,66.5,250285.0,63.9,102.7,4948.2
1990-08-01,6015.116,1069.0,1115.0,119.6385,5.7,117000.0,663.3,122.2,8.2,5234.0,8.1,77.479,1307.0,813.0,62.7,66.5,250595.0,63.9,102.8,4949.9
1990-09-01,6015.116,976.0,1110.0,118.6876,5.9,117000.0,656.8,125.2,8.4,5197.0,8.1,77.229,1312.0,793.0,62.5,66.4,250904.0,63.9,103.5,4978.6
1990-10-01,6004.733,925.0,1014.0,113.6963,5.9,121500.0,646.3,125.2,8.7,5134.0,7.9,76.91199999999999,1282.0,766.0,62.5,66.4,251201.0,64.0,103.6,4966.5
1990-11-01,6004.733,941.0,1145.0,116.5566,6.2,121500.0,633.8,128.6,8.2,5095.0,8.0,76.381,1248.0,758.0,62.3,66.4,251486.0,64.0,103.7,4973.5
1990-12-01,6004.733,861.0,969.0,108.5216,6.3,121500.0,624.3,128.6,8.5,5047.0,8.8,75.972,1173.0,745.0,62.2,66.4,251758.0,64.0,103.8,5004.1
1991-01-01,6035.178,786.0,798.0,101.5934,6.4,120000.0,610.0,128.6,9.4,4972.0,9.4,75.533,1149.0,716.0,62.0,66.2,252012.0,64.0,105.0,4990.4
1991-02-01,6035.178,853.0,965.0,108.6813,6.6,120000.0,600.3,129.0,7.9,4929.0,9.0,75.249,1090.0,710.0,61.9,66.2,252253.0,64.0,105.3,4997.1
1991-03-01,6035.178,911.0,921.0,105.2613,6.8,120000.0,598.0,130.2,7.3,4881.0,8.1,75.137,1176.0,678.0,61.8,66.3,252507.0,64.0,105.8,5005.8
1991-04-01,6126.862,916.0,1001.0,104.176,6.7,119900.0,587.6,130.9,7.3,4842.0,8.7,75.315,1093.0,670.0,62.0,66.4,252778.0,64.1,106.3,5034.3
1991-05-01,6126.862,991.0,996.0,104.1175,6.9,119900.0,584.8,130.9,7.0,4800.0,8.5,75.768,1070.0,662.0,61.6,66.2,253060.0,64.1,106.7,5055.9
1991-06-01,6126.862,964.0,1036.0,105.9744,6.9,119900.0,579.9,130.9,7.0,4782.0,9.0,76.253,1093.0,654.0,61.7,66.2,253350.0,64.1,106.6,5090.8
1991-07-01,6205.937,973.0,1063.0,107.988,6.8,120000.0,574.1,130.9,7.1,4752.0,8.4,76.517,1076.0,652.0,61.6,66.1,253650.0,64.1,106.4,5087.0
1991-08-01,6205.937,944.0,1049.0,107.1435,6.9,120000.0,569.3,130.9,6.8,4733.0,8.7,76.594,1050.0,651.0,61.5,66.0,253966.0,64.1,106.2,5108.4
1991-09-01,6205.937,974.0,1015.0,108.3246,6.9,120000.0,568.2,135.8,7.4,4728.0,8.9,76.574,1216.0,633.0,61.6,66.2,254280.0,64.1,105.4,5141.5
1991-10-01,6264.54,991.0,1079.0,108.7024,7.0,120000.0,563.3,133.4,6.7,4698.0,9.4,76.29,1076.0,630.0,61.5,66.1,254576.0,64.1,105.5,5157.7
1991-11-01,6264.54,984.0,1103.0,103.8766,7.0,120000.0,558.2,133.4,6.2,4640.0,9.1,76.031,1013.0,636.0,61.4,66.1,254841.0,64.1,105.0,5177.0
1991-12-01,6264.54,1061.0,1079.0,108.3124,7.3,120000.0,554.8,133.4,6.2,4647.0,9.8,75.844,1002.0,633.0,61.2,66.0,255089.0,64.1,104.9,5233.0
1992-01-01,6363.102,1077.0,1176.0,111.4657,7.3,119500.0,551.4,133.4,5.2,4667.0,9.5,75.7,1061.0,639.0,61.5,66.3,255331.0,64.1,106.1,5264.8
1992-02-01,6363.102,1146.0,1250.0,110.439,7.4,119500.0,545.6,133.4,4.9,4612.0,9.8,75.655,1098.0,630.0,61.3,66.2,255576.0,64.1,105.8,5303.2
1992-03-01,6363.102,1082.0,1297.0,110.438,7.4,119500.0,544.7,133.4,6.1,4621.0,9.7,75.814,1128.0,656.0,61.5,66.4,255848.0,64.1,105.4,5323.8
1992-04-01,6470.763,1054.0,1099.0,113.3044,7.4,120000.0,542.6,133.4,6.1,4603.0,9.8,76.08,1083.0,650.0,61.6,66.5,256139.0,64.1,105.2,5357.4
1992-05-01,6470.763,1056.0,1214.0,113.5843,7.6,120000.0,542.6,133.4,6.0,4605.0,9.8,76.398,1187.0,650.0,61.5,66.6,256437.0,64.1,105.5,5392.4
1992-06-01,6470.763,1057.0,1145.0,112.737,7.8,120000.0,542.7,133.4,5.6,4584.0,10.0,76.602,1189.0,644.0,61.5,66.7,256742.0,64.1,105.4,5424.0
1992-07-01,6566.641,1089.0,1139.0,112.1383,7.7,120000.0,546.7,133.4,5.3,4570.0,9.5,76.711,1251.0,629.0,61.6,66.7,257063.0,64.1,105.0,5437.1
1992-08-01,6566.641,1075.0,1226.0,111.8263,7.6,120000.0,553.0,133.4,5.2,4581.0,9.6,76.732,1140.0,635.0,61.6,66.6,257390.0,64.1,105.1,5465.1
1992-09-01,6566.641,1114.0,1186.0,112.6484,7.6,120000.0,556.9,133.4,5.0,4584.0,8.6,76.628,1123.0,638.0,61.4,66.5,257704.0,64.1,104.8,5452.8
1992-10-01,6680.803,1132.0,1244.0,114.3146,7.3,126000.0,558.0,133.4,5.1,4600.0,7.9,76.598,1139.0,643.0,61.3,66.2,258004.0,64.3,105.4,5444.9
1992-11-01,6680.803,1118.0,1214.0,104.542,7.4,126000.0,560.0,133.4,5.4,4606.0,7.9,76.579,1224.0,641.0,61.4,66.3,258280.0,64.3,105.5,5467.4
1992-12-01,6680.803,1176.0,1227.0,104.9759,7.4,126000.0,560.2,133.4,5.0,4630.0,10.5,76.464,1199.0,638.0,61.4,66.3,258546.0,64.3,105.4,5676.8
1993-01-01,6729.459,1177.0,1210.0,104.6167,7.3,125000.0,563.4,133.4,5.4,4664.0,8.5,76.395,1135.0,636.0,61.4,66.2,258799.0,63.9,106.2,5534.1
1993-02-01,6729.459,1148.0,1210.0,104.4493,7.1,125000.0,568.1,133.4,5.3,4714.0,8.8,76.327,1236.0,640.0,61.4,66.2,259036.0,63.9,106.8,5568.0
1993-03-01,6729.459,1056.0,1083.0,102.9615,7.0,125000.0,570.5,133.4,5.4,4676.0,8.8,76.382,1105.0,633.0,61.5,66.2,259283.0,63.9,107.0,5565.0
1993-04-01,6808.939,1104.0,1258.0,104.3104,7.1,127000.0,575.2,134.8,4.7,4690.0,8.7,76.66,1216.0,636.0,61.5,66.1,259547.0,64.0,111.2,5621.8
1993-05-01,6808.939,1112.0,1260.0,107.9121,7.1,127000.0,582.4,137.2,5.3,4753.0,8.2,77.03,1111.0,648.0,61.7,66.4,259822.0,64.0,111.7,5637.9
1993-06-01,6808.939,1130.0,1280.0,108.1358,7.0,127000.0,582.3,137.2,5.2,4760.0,7.7,77.516,1193.0,654.0,61.8,66.5,260109.0,64.0,111.9,5632.9
1993-07-01,6882.098,1174.0,1254.0,109.5383,6.9,127000.0,582.9,137.2,5.3,4783.0,7.5,77.885,1090.0,663.0,61.8,66.4,260411.0,64.0,111.6,5660.1
1993-08-01,6882.098,1230.0,1300.0,110.2556,6.8,127000.0,582.8,137.2,5.5,4806.0,7.6,78.131,1264.0,665.0,62.0,66.4,260717.0,64.0,112.6,5682.0
1993-09-01,6882.098,1251.0,1343.0,109.121,6.7,127000.0,586.3,137.2,4.9,4823.0,6.8,78.19800000000001,1172.0,677.0,61.7,66.2,261015.0,64.0,112.7,5675.1
1993-10-01,7013.738,1287.0,1392.0,109.8777,6.8,127000.0,591.1,137.2,5.0,4868.0,6.2,78.172,1246.0,687.0,61.8,66.3,261294.0,64.1,113.2,5669.1
1993-11-01,7013.738,1357.0,1376.0,112.0146,6.6,127000.0,599.3,137.2,4.8,4887.0,6.2,78.17,1235.0,695.0,61.9,66.3,261550.0,64.1,113.4,5694.4
1993-12-01,7013.738,1461.0,1533.0,112.6733,6.5,127000.0,607.1,137.2,4.5,4925.0,9.0,78.113,1289.0,703.0,62.0,66.4,261796.0,64.1,113.4,5893.8
1994-01-01,7115.652,1390.0,1272.0,106.0954,6.6,130000.0,614.1,137.2,5.9,4940.0,7.0,78.19800000000001,1228.0,709.0,62.2,66.6,262021.0,64.0,113.9,5779.0
1994-02-01,7115.652,1269.0,1337.0,105.0822,6.6,130000.0,609.4,137.2,5.0,4923.0,6.4,78.204,1353.0,716.0,62.3,66.6,262237.0,64.0,114.5,5798.0
1994-03-01,7115.652,1342.0,1564.0,116.9048,6.5,130000.0,620.4,137.1,4.8,4990.0,6.7,78.34899999999999,1257.0,732.0,62.1,66.5,262491.0,64.0,115.3,5829.4
1994-04-01,7246.931,1392.0,1465.0,116.956,6.4,130000.0,622.1,137.1,5.2,5047.0,6.3,78.70100000000001,1374.0,740.0,62.3,66.5,262754.0,63.9,117.7,5890.5
1994-05-01,7246.931,1396.0,1526.0,119.7682,6.1,130000.0,625.4,137.1,5.3,5084.0,7.5,79.208,1430.0,749.0,62.5,66.6,263014.0,63.9,118.4,5911.1
1994-06-01,7246.931,1357.0,1409.0,118.8258,6.1,130000.0,627.6,140.3,6.2,5097.0,6.8,79.70100000000001,1336.0,757.0,62.3,66.4,263294.0,63.9,119.5,5917.5
1994-07-01,7331.075,1335.0,1439.0,117.5506,6.1,129700.0,630.0,140.3,6.3,5125.0,6.9,80.063,1281.0,764.0,62.3,66.4,263580.0,63.9,119.6,5946.4
1994-08-01,7331.075,1377.0,1450.0,119.2109,6.0,129700.0,631.9,140.3,6.1,5139.0,6.4,80.317,1348.0,773.0,62.6,66.6,263871.0,63.9,120.7,5968.7
1994-09-01,7331.075,1412.0,1474.0,121.4776,5.9,129700.0,633.2,140.3,6.0,5175.0,6.7,80.34,1414.0,774.0,62.7,66.6,264159.0,63.9,121.0,6001.5
1994-10-01,7455.288,1397.0,1450.0,118.9145,5.8,132000.0,634.5,140.3,5.6,5177.0,7.0,80.304,1378.0,775.0,62.9,66.7,264430.0,64.1,121.5,6065.3
1994-11-01,7455.288,1340.0,1511.0,123.8681,5.6,132000.0,632.4,140.3,6.3,5210.0,6.9,80.17,1365.0,785.0,63.0,66.7,264681.0,64.1,121.4,6075.4
1994-12-01,7455.288,1396.0,1455.0,128.9246,5.5,132000.0,633.1,140.3,6.6,5226.0,7.0,80.079,1386.0,784.0,63.1,66.7,264924.0,64.1,121.3,6108.1
1995-01-01,7522.289,1282.0,1407.0,126.5968,5.6,130000.0,633.2,140.3,6.8,5234.0,7.3,80.027,1423.0,783.0,63.0,66.8,265157.0,64.4,122.5,6148.6
1995-02-01,7522.289,1254.0,1316.0,124.8849,5.4,130000.0,630.1,140.3,7.3,5192.0,7.7,79.992,1294.0,793.0,63.1,66.8,265383.0,64.4,123.2,6173.3
1995-03-01,7522.289,1226.0,1249.0,127.4955,5.4,130000.0,630.4,140.3,6.8,5242.0,7.4,80.078,1413.0,771.0,63.1,66.7,265625.0,64.4,123.2,6200.3
1995-04-01,7580.997,1259.0,1267.0,122.7703,5.8,133900.0,629.5,140.3,6.7,5252.0,6.8,80.369,1342.0,761.0,63.1,66.9,265877.0,64.7,128.0,6223.9
1995-05-01,7580.997,1271.0,1314.0,119.6881,5.6,133900.0,628.0,140.3,6.3,5220.0,7.0,80.691,1326.0,758.0,62.7,66.5,266134.0,64.7,128.6,6238.3
1995-06-01,7580.997,1305.0,1281.0,124.2416,5.6,133900.0,626.1,141.4,5.8,5250.0,6.5,81.068,1242.0,759.0,62.7,66.5,266414.0,64.7,128.5,6267.4
1995-07-01,7683.125,1354.0,1461.0,124.9272,5.7,132000.0,626.0,141.4,5.6,5262.0,6.9,81.41199999999999,1352.0,762.0,62.8,66.6,266700.0,64.8,128.8,6296.3
1995-08-01,7683.125,1386.0,1416.0,125.634,5.7,132000.0,627.5,141.4,6.1,5286.0,6.6,81.655,1265.0,774.0,62.8,66.6,266998.0,64.8,128.8,6319.0
1995-09-01,7683.125,1421.0,1369.0,126.1997,5.6,132000.0,629.9,141.4,6.3,5324.0,6.6,81.73899999999999,1279.0,780.0,62.9,66.6,267304.0,64.8,129.0,6347.7
1995-10-01,7772.586,1400.0,1369.0,128.0076,5.5,138000.0,634.2,141.4,6.3,5353.0,7.0,81.727,1335.0,781.0,62.9,66.6,267585.0,65.1,128.8,6373.5
1995-11-01,7772.586,1430.0,1452.0,127.8461,5.6,138000.0,637.5,141.4,6.8,5358.0,6.4,81.631,1360.0,786.0,62.8,66.5,267829.0,65.1,128.8,6394.0
1995-12-01,7772.586,1442.0,1431.0,126.2146,5.6,138000.0,638.6,141.4,6.4,5344.0,6.0,81.514,1200.0,799.0,62.7,66.4,268047.0,65.1,128.5,6417.8
1996-01-01,7868.468,1387.0,1467.0,123.7242,5.6,137000.0,642.0,141.4,6.4,5355.0,6.5,81.42699999999999,1402.0,803.0,62.7,66.4,268258.0,65.3,128.5,6453.9
1996-02-01,7868.468,1420.0,1491.0,124.1369,5.5,137000.0,647.0,141.4,5.3,5415.0,6.6,81.4,1317.0,793.0,62.9,66.6,268480.0,65.3,129.2,6517.8
1996-03-01,7868.468,1437.0,1424.0,123.1088,5.5,137000.0,650.1,141.4,6.2,5446.0,6.4,81.665,1369.0,814.0,63.0,66.6,268724.0,65.3,129.2,6560.4
1996-04-01,8032.84,1463.0,1516.0,130.1377,5.6,139900.0,654.9,141.4,6.0,5474.0,5.5,82.125,1327.0,827.0,63.0,66.7,268980.0,65.4,132.3,6597.3
1996-05-01,8032.84,1457.0,1504.0,130.1725,5.6,139900.0,658.7,141.4,5.9,5498.0,6.5,82.602,1423.0,832.0,63.0,66.7,269247.0,65.4,133.7,6637.3
1996-06-01,8032.84,1429.0,1467.0,129.1709,5.3,139900.0,663.3,141.4,6.0,5534.0,6.9,83.04899999999999,1437.0,826.0,63.2,66.7,269527.0,65.4,133.8,6681.3
1996-07-01,8131.408,1450.0,1472.0,128.2446,5.5,140000.0,664.6,141.4,5.7,5557.0,6.5,83.419,1453.0,824.0,63.3,66.9,269822.0,65.4,133.9,6681.6
1996-08-01,8131.408,1413.0,1557.0,130.1944,5.1,140000.0,670.6,141.4,5.0,5586.0,6.4,83.645,1468.0,820.0,63.3,66.7,270130.0,65.4,134.2,6709.4
1996-09-01,8131.408,1392.0,1475.0,126.8553,5.2,140000.0,674.4,141.4,5.2,5610.0,6.4,83.70200000000001,1379.0,824.0,63.4,66.9,270433.0,65.4,135.1,6747.4
1996-10-01,8259.771,1358.0,1392.0,128.816,5.2,144100.0,676.0,141.4,5.6,5643.0,6.1,83.62899999999999,1392.0,821.0,63.5,67.0,270730.0,65.4,135.2,6768.8
1996-11-01,8259.771,1412.0,1489.0,126.1401,5.4,144100.0,679.7,141.4,5.2,5668.0,6.2,83.556,1413.0,829.0,63.4,67.0,271002.0,65.4,135.2,6802.4
1996-12-01,8259.771,1411.0,1370.0,124.1316,5.4,144100.0,681.2,141.4,5.0,5675.0,6.1,83.49,1487.0,814.0,63.4,67.0,271243.0,65.4,134.8,6836.6
1997-01-01,8362.655,1382.0,1355.0,125.2006,5.3,145000.0,684.6,141.4,4.7,5675.0,5.9,83.53,1377.0,817.0,63.4,67.0,271472.0,65.5,135.2,6884.8
1997-02-01,8362.655,1445.0,1486.0,132.4098,5.2,145000.0,687.8,141.4,4.5,5722.0,6.0,83.59700000000001,1545.0,810.0,63.4,66.9,271703.0,65.5,135.5,6920.9
1997-03-01,8362.655,1436.0,1457.0,137.0678,5.2,145000.0,695.3,141.4,4.1,5751.0,6.1,83.911,1445.0,808.0,63.6,67.1,271952.0,65.5,135.2,6960.8
1997-04-01,8518.825,1421.0,1492.0,136.4713,5.1,145800.0,692.3,141.4,4.7,5764.0,6.2,84.321,1438.0,810.0,63.7,67.1,272213.0,65.7,137.9,6972.8
1997-05-01,8518.825,1414.0,1442.0,134.0933,4.9,145800.0,690.8,141.4,4.6,5793.0,6.5,84.86399999999999,1400.0,816.0,63.8,67.1,272482.0,65.7,138.2,7001.3
1997-06-01,8518.825,1402.0,1494.0,135.5394,5.0,145800.0,690.5,141.4,4.4,5793.0,6.3,85.398,1315.0,826.0,63.7,67.1,272767.0,65.7,138.9,7035.8
1997-07-01,8662.823,1440.0,1437.0,138.2605,4.9,145000.0,693.6,141.4,4.4,5817.0,5.8,85.84100000000001,1313.0,836.0,63.9,67.2,273074.0,65.8,139.1,7071.7
1997-08-01,8662.823,1449.0,1390.0,138.4137,4.8,145000.0,695.1,141.5,4.3,5846.0,5.7,86.15,1332.0,836.0,63.9,67.2,273395.0,65.8,139.5,7119.4
1997-09-01,8662.823,1494.0,1546.0,143.5012,4.9,145000.0,695.7,141.5,4.2,5874.0,5.9,86.311,1442.0,846.0,63.9,67.1,273703.0,65.8,139.2,7158.1
1997-10-01,8765.907,1499.0,1520.0,143.0334,4.7,144200.0,696.7,141.5,4.3,5883.0,5.9,86.40799999999999,1396.0,858.0,63.9,67.1,273989.0,65.8,139.5,7205.1
1997-11-01,8765.907,1469.0,1510.0,140.3559,4.6,144200.0,700.0,141.5,3.9,5899.0,6.1,86.632,1420.0,865.0,64.1,67.2,274249.0,65.8,139.2,7257.0
1997-12-01,8765.907,1456.0,1566.0,140.801,4.7,144200.0,703.4,141.5,4.4,5938.0,6.1,86.848,1428.0,872.0,64.0,67.2,274499.0,65.8,139.3,7300.0
1998-01-01,8866.48,1555.0,1525.0,143.4028,4.6,152200.0,704.1,141.5,4.0,5983.0,7.0,87.163,1316.0,886.0,64.0,67.1,274732.0,66.0,139.3,7368.9
1998-02-01,8866.48,1647.0,1584.0,139.0929,4.6,152200.0,704.2,141.9,3.9,5997.0,7.0,87.37299999999999,1441.0,896.0,64.0,67.1,274943.0,66.0,139.6,7416.5
1998-03-01,8866.48,1605.0,1567.0,137.3363,4.7,152200.0,708.3,141.9,4.1,5969.0,7.1,87.87700000000001,1477.0,905.0,64.0,67.1,275175.0,66.0,139.8,7464.0
1998-04-01,8969.699,1547.0,1540.0,138.0548,4.3,149500.0,712.9,141.9,4.0,6049.0,6.9,88.55799999999999,1498.0,906.0,64.1,67.0,275434.0,66.1,144.0,7501.7
1998-05-01,8969.699,1554.0,1536.0,139.0633,4.4,149500.0,718.5,142.0,3.9,6087.0,6.6,89.374,1465.0,912.0,64.1,67.0,275700.0,66.1,144.3,7547.0
1998-06-01,8969.699,1551.0,1641.0,138.7419,4.5,149500.0,725.9,142.0,3.8,6130.0,6.5,90.195,1467.0,927.0,64.0,67.0,275976.0,66.1,145.5,7584.4
1998-07-01,9121.097,1610.0,1698.0,141.7337,4.5,153000.0,731.3,142.0,4.0,6172.0,6.6,90.859,1552.0,938.0,64.0,67.0,276266.0,66.6,146.1,7616.9
1998-08-01,9121.097,1654.0,1614.0,139.1771,4.5,153000.0,739.2,142.0,4.1,6215.0,6.5,91.407,1521.0,941.0,63.9,67.0,276566.0,66.6,146.4,7656.2
1998-09-01,9121.097,1577.0,1582.0,141.3677,4.6,153000.0,739.4,142.0,4.1,6225.0,6.1,91.752,1452.0,952.0,64.2,67.2,276859.0,66.6,146.5,7678.1
1998-10-01,9293.991,1719.0,1715.0,138.9738,4.5,153000.0,745.3,142.0,4.0,6262.0,5.9,91.999,1452.0,972.0,64.1,67.2,277140.0,66.5,146.4,7708.8
1998-11-01,9293.991,1672.0,1660.0,143.228,4.4,153000.0,748.7,142.0,3.5,6301.0,6.0,92.197,1604.0,976.0,64.2,67.1,277402.0,66.5,146.5,7745.7
1998-12-01,9293.991,1742.0,1792.0,149.91,4.4,153000.0,754.7,142.0,3.8,6378.0,5.5,92.443,1433.0,1003.0,64.3,67.2,277658.0,66.5,146.5,7771.8
1999-01-01,9411.682,1732.0,1748.0,143.0987,4.3,157400.0,764.5,143.5,3.9,6357.0,6.1,92.714,1599.0,973.0,64.4,67.2,277891.0,66.7,147.4,7813.1
1999-02-01,9411.682,1720.0,1670.0,146.9786,4.4,157400.0,773.9,144.5,4.0,6429.0,6.0,92.981,1459.0,989.0,64.2,67.2,278095.0,66.7,147.5,7840.9
1999-03-01,9411.682,1665.0,1710.0,140.1138,4.2,157400.0,778.0,144.5,4.1,6402.0,5.6,93.611,1673.0,994.0,64.2,67.0,278324.0,66.7,148.0,7855.9
1999-04-01,9526.21,1600.0,1553.0,135.8202,4.3,158700.0,783.6,142.9,3.9,6480.0,4.7,94.436,1580.0,991.0,64.2,67.1,278584.0,66.7,149.1,7871.1
1999-05-01,9526.21,1640.0,1611.0,133.8325,4.2,158700.0,792.2,142.8,4.0,6516.0,4.4,95.36,1623.0,989.0,64.3,67.1,278859.0,66.7,149.9,7894.2
1999-06-01,9526.21,1702.0,1559.0,133.9478,4.3,158700.0,798.5,143.1,3.9,6547.0,4.3,96.363,1648.0,981.0,64.2,67.1,279148.0,66.7,149.9,7925.1
1999-07-01,9686.626,1682.0,1669.0,131.7943,4.3,159100.0,803.7,143.1,4.0,6571.0,4.4,97.192,1597.0,983.0,64.2,67.1,279448.0,66.8,149.7,7965.8
1999-08-01,9686.626,1671.0,1648.0,133.2683,4.2,159100.0,806.1,143.1,4.0,6586.0,4.3,97.897,1563.0,989.0,64.2,67.0,279752.0,66.8,149.8,8016.9
1999-09-01,9686.626,1551.0,1635.0,131.4058,4.2,159100.0,810.0,143.1,4.5,6613.0,3.7,98.399,1643.0,983.0,64.2,67.0,280053.0,66.8,149.8,8041.2
1999-10-01,9900.169,1649.0,1608.0,136.7582,4.1,165300.0,811.5,143.2,4.2,6640.0,4.0,98.832,1593.0,983.0,64.3,67.0,280337.0,66.9,149.5,8102.4
1999-11-01,9900.169,1672.0,1648.0,148.7383,4.1,165300.0,819.6,143.2,4.3,6687.0,4.1,99.149,1596.0,983.0,64.4,67.1,280594.0,66.9,149.4,8165.3
1999-12-01,9900.169,1683.0,1708.0,148.3553,4.0,165300.0,822.8,143.2,4.3,6709.0,3.7,99.543,1659.0,983.0,64.4,67.1,280846.0,66.9,149.0,8251.2
2000-01-01,10002.179,1727.0,1636.0,144.613,4.0,165300.0,832.5,143.2,4.3,6752.0,4.5,100.0,1574.0,991.0,64.6,67.3,281083.0,67.1,149.1,8348.0
2000-02-01,10002.179,1692.0,1737.0,143.9732,4.1,165300.0,834.3,143.7,4.3,6730.0,4.0,100.571,1677.0,998.0,64.6,67.3,281299.0,67.1,148.3,8408.8
2000-03-01,10002.179,1651.0,1604.0,151.6946,4.0,165300.0,843.2,143.7,4.3,6811.0,3.8,101.466,1704.0,988.0,64.6,67.3,281531.0,67.1,148.1,8468.3
2000-04-01,10247.72,1597.0,1626.0,142.1024,3.8,163200.0,834.0,143.7,4.4,6794.0,4.3,102.54,1610.0,989.0,64.7,67.3,281763.0,67.3,148.6,8506.8
2000-05-01,10247.72,1543.0,1575.0,143.7562,4.0,163200.0,827.9,149.2,4.4,6770.0,4.3,103.702,1682.0,985.0,64.4,67.1,281996.0,67.3,149.1,8544.5
2000-06-01,10247.72,1572.0,1559.0,140.99,4.0,163200.0,826.7,144.3,4.8,6778.0,4.3,104.855,1530.0,982.0,64.5,67.1,282247.0,67.3,149.3,8597.8
2000-07-01,10318.165,1542.0,1463.0,140.54,4.0,168800.0,828.9,144.3,4.1,6794.0,4.7,105.721,1495.0,979.0,64.2,66.9,282504.0,67.5,149.3,8665.3
2000-08-01,10318.165,1552.0,1541.0,144.0,4.1,168800.0,822.2,144.3,4.4,6796.0,4.8,106.522,1573.0,976.0,64.2,66.9,282769.0,67.5,148.8,8712.2
2000-09-01,10318.165,1570.0,1507.0,142.1897,3.9,168800.0,818.2,144.3,4.0,6807.0,4.1,107.135,1528.0,970.0,64.2,66.9,283033.0,67.5,148.6,8757.7
2000-10-01,10435.744,1577.0,1549.0,143.4779,3.9,172900.0,813.2,144.3,4.0,6814.0,4.3,107.728,1513.0,972.0,64.2,66.8,283285.0,67.5,148.4,8792.1
2000-11-01,10435.744,1614.0,1551.0,137.4387,3.9,172900.0,805.8,144.3,4.2,6817.0,4.3,108.291,1539.0,970.0,64.3,66.9,283523.0,67.5,148.6,8809.9
2000-12-01,10435.744,1543.0,1532.0,130.5541,3.9,172900.0,797.2,144.2,3.6,6792.0,4.1,108.791,1521.0,969.0,64.4,67.0,283748.0,67.5,147.5,8844.0
2001-01-01,10470.231,1699.0,1600.0,139.6751,4.2,169800.0,782.8,144.2,3.8,6824.0,4.5,109.214,1456.0,986.0,64.4,67.2,283960.0,67.6,148.3,8940.9
2001-02-01,10470.231,1656.0,1625.0,143.9848,4.2,169800.0,781.8,144.2,3.7,6841.0,4.6,109.642,1536.0,987.0,64.3,67.1,284166.0,67.6,148.0,8975.8
2001-03-01,10470.231,1659.0,1590.0,147.6021,4.3,169800.0,775.5,144.2,3.8,6862.0,4.9,110.394,1470.0,1001.0,64.3,67.2,284380.0,67.6,147.4,9009.4
2001-04-01,10599.0,1666.0,1649.0,152.7133,4.4,179000.0,772.8,148.0,3.9,6844.0,4.8,111.248,1574.0,1007.0,64.0,66.9,284602.0,67.8,148.9,9008.9
2001-05-01,10599.0,1665.0,1605.0,149.6911,4.3,179000.0,775.0,149.3,4.0,6849.0,4.3,112.203,1497.0,1015.0,63.8,66.7,284834.0,67.8,148.8,9011.1
2001-06-01,10599.0,1626.0,1636.0,147.0751,4.5,179000.0,779.6,149.3,4.2,6840.0,4.2,113.272,1654.0,1013.0,63.7,66.7,285076.0,67.8,148.6,9017.1
2001-07-01,10598.02,1598.0,1670.0,147.7865,4.6,172500.0,781.6,149.3,4.2,6845.0,5.4,114.226,1582.0,1017.0,63.7,66.8,285324.0,67.9,149.1,9014.6
2001-08-01,10598.02,1615.0,1567.0,145.3626,4.9,172500.0,781.8,149.3,4.4,6827.0,6.5,114.988,1615.0,1011.0,63.2,66.5,285584.0,67.9,149.1,9001.4
2001-09-01,10598.02,1565.0,1562.0,143.2876,5.0,172500.0,782.9,149.3,4.4,6813.0,6.9,115.465,1551.0,1014.0,63.5,66.8,285842.0,67.9,149.1,8975.3
2001-10-01,10660.465,1566.0,1540.0,146.5655,5.3,171100.0,785.9,149.3,4.3,6804.0,2.9,115.681,1599.0,1008.0,63.2,66.7,286086.0,67.9,149.4,8987.3
2001-11-01,10660.465,1651.0,1602.0,151.3362,5.5,171100.0,787.2,149.3,4.1,6784.0,3.4,115.839,1555.0,1011.0,63.0,66.7,286315.0,67.9,149.1,8985.1
2001-12-01,10660.465,1680.0,1568.0,149.4688,5.7,171100.0,789.2,149.3,3.8,6785.0,3.7,116.056,1693.0,996.0,62.9,66.7,286533.0,67.9,149.0,8990.7
2002-01-01,10783.5,1665.0,1698.0,154.1368,5.7,188700.0,785.8,149.3,4.2,6775.0,5.6,116.437,1632.0,996.0,62.7,66.5,286739.0,67.9,148.8,9015.6
2002-02-01,10783.5,1787.0,1829.0,153.3106,5.7,188700.0,794.9,149.3,4.0,6766.0,5.4,116.916,1671.0,1005.0,63.0,66.8,286935.0,67.9,148.4,9031.9
2002-03-01,10783.5,1691.0,1642.0,144.7966,5.7,188700.0,798.8,148.6,4.1,6755.0,5.5,117.929,1559.0,1013.0,62.8,66.6,287131.0,67.9,147.9,9050.7
2002-04-01,10887.46,1669.0,1592.0,142.7707,5.9,187200.0,796.8,150.1,4.3,6710.0,5.4,119.208,1625.0,1011.0,62.7,66.7,287343.0,67.8,151.8,9099.9
2002-05-01,10887.46,1716.0,1764.0,141.9094,5.8,187200.0,799.3,150.1,4.0,6684.0,6.1,120.788,1705.0,1019.0,62.9,66.7,287571.0,67.8,152.2,9131.0
2002-06-01,10887.46,1758.0,1717.0,144.8674,5.8,187200.0,798.7,150.5,4.2,6701.0,6.1,122.333,1589.0,1023.0,62.7,66.6,287808.0,67.8,151.9,9164.8
2002-07-01,10984.04,1738.0,1655.0,143.1601,5.8,178100.0,800.8,150.5,4.2,6688.0,5.3,123.687,1615.0,1029.0,62.7,66.5,288051.0,67.9,151.9,9157.5
2002-08-01,10984.04,1695.0,1633.0,142.5233,5.7,178100.0,807.1,150.5,4.0,6701.0,5.2,124.729,1722.0,1013.0,62.7,66.6,288303.0,67.9,152.7,9175.3
2002-09-01,10984.04,1803.0,1804.0,144.0017,5.7,178100.0,809.4,150.5,3.9,6702.0,5.8,125.494,1641.0,1024.0,63.0,66.7,288554.0,67.9,152.6,9197.1
2002-10-01,11061.433,1799.0,1648.0,140.5239,5.7,190100.0,810.5,150.5,4.0,6689.0,5.6,126.136,1601.0,1026.0,62.7,66.6,288794.0,68.2,152.6,9229.6
2002-11-01,11061.433,1771.0,1753.0,141.7779,5.9,190100.0,826.7,150.5,4.0,6713.0,5.6,126.642,1718.0,1031.0,62.5,66.4,289012.0,68.2,152.0,9258.8
2002-12-01,11061.433,1896.0,1788.0,136.1994,6.0,190100.0,816.8,150.5,4.0,6700.0,5.3,127.151,1671.0,1033.0,62.4,66.3,289214.0,68.2,151.0,9288.3
2003-01-01,11174.129,1808.0,1853.0,145.7576,5.8,186000.0,817.8,150.5,4.0,6704.0,5.3,127.652,1654.0,1049.0,62.5,66.4,289412.0,68.1,151.0,9290.1
2003-02-01,11174.129,1854.0,1629.0,130.6707,5.9,186000.0,817.7,152.4,4.5,6667.0,5.2,128.326,1688.0,1044.0,62.5,66.4,289606.0,68.1,151.1,9296.2
2003-03-01,11174.129,1757.0,1726.0,139.9231,5.9,186000.0,821.1,153.7,4.1,6654.0,4.9,129.308,1638.0,1044.0,62.4,66.3,289809.0,68.1,151.1,9333.8
2003-04-01,11312.766,1803.0,1643.0,143.4302,6.0,191800.0,828.9,154.4,4.1,6689.0,5.0,130.488,1662.0,1043.0,62.4,66.4,290024.0,68.2,150.7,9356.4
2003-05-01,11312.766,1835.0,1751.0,143.716,6.1,191800.0,829.0,154.4,3.9,6706.0,5.3,131.839,1733.0,1047.0,62.3,66.4,290250.0,68.2,151.1,9414.4
2003-06-01,11312.766,1875.0,1867.0,146.5043,6.3,191800.0,836.9,154.4,3.5,6723.0,5.1,133.225,1641.0,1064.0,62.3,66.5,290484.0,68.2,151.2,9455.3
2003-07-01,11566.669,1885.0,1897.0,151.803,6.2,191900.0,836.7,154.4,3.6,6735.0,5.9,134.64700000000002,1680.0,1078.0,62.1,66.2,290726.0,68.3,151.0,9491.6
2003-08-01,11566.669,1966.0,1833.0,152.498,6.1,191900.0,840.2,154.4,3.5,6760.0,5.7,135.965,1570.0,1102.0,62.1,66.1,290974.0,68.3,150.6,9538.8
2003-09-01,11566.669,1961.0,1939.0,154.9852,6.1,191900.0,850.2,154.4,3.8,6783.0,4.9,137.076,1719.0,1121.0,62.0,66.1,291222.0,68.3,150.2,9582.5
2003-10-01,11772.234,2012.0,1967.0,162.1132,6.0,198800.0,854.6,154.4,3.8,6784.0,5.0,137.976,1728.0,1135.0,62.1,66.1,291463.0,68.5,149.6,9620.4
2003-11-01,11772.234,1918.0,2083.0,156.7902,5.8,198800.0,858.5,154.4,4.1,6796.0,5.0,138.765,1692.0,1158.0,62.3,66.1,291677.0,68.5,149.5,9688.2
2003-12-01,11772.234,1987.0,2057.0,160.271,5.7,198800.0,863.3,154.4,4.0,6827.0,5.0,139.628,1716.0,1183.0,62.2,65.9,291868.0,68.5,149.4,9713.2
2004-01-01,11923.447,1952.0,1911.0,152.7907,5.7,212700.0,866.4,154.4,3.8,6848.0,4.6,140.70600000000002,1709.0,1191.0,62.3,66.1,292046.0,68.7,149.4,9731.8
2004-02-01,11923.447,1966.0,1846.0,149.9506,5.6,212700.0,867.3,154.4,3.7,6838.0,4.6,142.029,1718.0,1197.0,62.3,66.0,292230.0,68.7,149.5,9765.4
2004-03-01,11923.447,2066.0,1998.0,169.2419,5.8,212700.0,875.7,154.4,3.6,6887.0,4.5,144.08,1794.0,1219.0,62.2,66.0,292434.0,68.7,150.2,9815.8
2004-04-01,12112.815,2070.0,2003.0,170.912,5.6,217600.0,876.2,155.6,4.0,6901.0,4.9,146.18,1938.0,1222.0,62.3,65.9,292651.0,69.4,152.1,9865.8
2004-05-01,12112.815,2150.0,1981.0,166.8739,5.6,217600.0,890.8,155.6,3.8,6948.0,4.8,148.334,1893.0,1233.0,62.3,66.0,292872.0,69.4,153.6,9950.0
2004-06-01,12112.815,2020.0,1828.0,161.1205,5.6,217600.0,891.3,155.6,3.9,6962.0,5.4,150.518,1857.0,1229.0,62.4,66.1,293103.0,69.4,153.9,9988.4
2004-07-01,12305.307,2112.0,2002.0,165.4313,5.5,213500.0,898.6,155.6,4.5,6977.0,4.7,152.33700000000002,1881.0,1247.0,62.5,66.1,293350.0,68.9,154.4,10033.0
2004-08-01,12305.307,2056.0,2024.0,165.3898,5.4,213500.0,903.4,155.6,4.3,7003.0,4.7,153.813,1911.0,1238.0,62.4,66.0,293603.0,68.9,157.7,10078.2
2004-09-01,12305.307,2041.0,1905.0,164.6773,5.4,213500.0,910.4,155.6,4.1,7029.0,4.1,155.107,1796.0,1247.0,62.3,65.8,293857.0,68.9,160.4,10110.5
2004-10-01,12527.214,2097.0,2072.0,159.7799,5.5,228800.0,918.3,155.6,3.9,7077.0,3.9,156.298,1839.0,1264.0,62.3,65.9,294104.0,69.1,160.4,10159.3
2004-11-01,12527.214,2079.0,1782.0,155.9717,5.4,228800.0,923.5,155.6,4.3,7091.0,3.4,157.496,1758.0,1268.0,62.5,66.0,294337.0,69.1,161.4,10171.5
2004-12-01,12527.214,2082.0,2042.0,165.2899,5.4,228800.0,927.4,155.6,4.1,7117.0,6.2,158.66899999999998,1921.0,1280.0,62.4,65.9,294561.0,69.1,161.5,10520.8
2005-01-01,12767.286,2139.0,2144.0,162.337,5.3,232500.0,932.1,156.0,4.4,7095.0,2.7,160.129,1892.0,1302.0,62.4,65.8,294768.0,69.2,166.8,10247.0
2005-02-01,12767.286,2114.0,2207.0,166.6182,5.4,232500.0,938.0,161.6,4.3,7153.0,2.3,161.923,1908.0,1322.0,62.4,65.9,294955.0,69.2,168.8,10282.7
2005-03-01,12767.286,2062.0,1864.0,164.584,5.2,232500.0,942.5,159.2,4.1,7181.0,2.5,164.575,1787.0,1311.0,62.4,65.9,295149.0,69.2,169.0,10347.9
2005-04-01,12922.656,2150.0,2061.0,160.4395,5.2,233700.0,947.9,163.2,4.3,7266.0,2.1,166.99900000000002,1927.0,1324.0,62.7,66.1,295359.0,68.7,171.8,10412.1
2005-05-01,12922.656,2085.0,2025.0,164.6264,5.1,233700.0,953.0,163.2,4.2,7294.0,2.6,169.544,2103.0,1322.0,62.8,66.1,295582.0,68.7,172.2,10464.1
2005-06-01,12922.656,2178.0,2068.0,164.5805,5.0,233700.0,958.8,163.2,4.3,7333.0,2.0,172.015,1965.0,1329.0,62.7,66.1,295824.0,68.7,172.5,10498.0
2005-07-01,13142.642,2203.0,2054.0,157.5149,5.0,236400.0,964.7,163.2,4.2,7353.0,1.4,174.09799999999998,1886.0,1338.0,62.8,66.1,296077.0,68.7,179.0,10558.3
2005-08-01,13142.642,2219.0,2095.0,158.9917,4.9,236400.0,964.8,163.2,4.5,7394.0,2.0,175.923,1952.0,1356.0,62.9,66.2,296338.0,68.7,179.2,10619.6
2005-09-01,13142.642,2263.0,2151.0,160.2513,5.0,236400.0,967.6,163.2,4.7,7415.0,2.0,177.61,1922.0,1377.0,62.8,66.1,296606.0,68.7,180.2,10687.7
2005-10-01,13324.204,2170.0,2065.0,161.7801,5.0,243600.0,972.8,163.2,4.5,7460.0,2.3,178.75099999999998,1962.0,1376.0,62.8,66.1,296857.0,68.9,180.3,10767.3
2005-11-01,13324.204,2218.0,2147.0,166.926,5.0,243600.0,985.7,163.2,5.0,7524.0,2.6,179.673,1907.0,1395.0,62.7,66.0,297089.0,68.9,180.6,10815.4
2005-12-01,13324.204,2120.0,1994.0,170.1105,4.9,243600.0,995.7,163.3,4.9,7533.0,2.5,180.106,1941.0,1405.0,62.8,66.0,297311.0,68.9,181.3,10853.1
2006-01-01,13599.16,2212.0,2273.0,192.0322,4.7,247700.0,1008.1,167.4,5.3,7601.0,3.0,180.827,2036.0,1424.0,62.9,66.0,297526.0,68.6,191.0,11038.6
2006-02-01,13599.16,2141.0,2119.0,186.9827,4.8,247700.0,1012.7,168.9,6.1,7664.0,3.2,181.499,2048.0,1423.0,63.0,66.1,297734.0,68.6,191.5,11102.6
2006-03-01,13599.16,2118.0,1969.0,174.864,4.7,247700.0,1017.8,168.9,5.9,7689.0,3.3,182.749,2245.0,1423.0,63.1,66.2,297950.0,68.6,195.3,11171.8
2006-04-01,13753.424,1998.0,1821.0,165.8735,4.7,246300.0,1022.0,169.4,6.3,7726.0,3.1,183.648,2071.0,1401.0,63.0,66.1,298170.0,68.8,196.7,11229.5
2006-05-01,13753.424,1905.0,1942.0,160.6514,4.6,246300.0,1016.6,169.4,6.2,7713.0,2.9,184.38,1897.0,1409.0,63.1,66.1,298401.0,68.8,197.6,11251.1
2006-06-01,13753.424,1867.0,1802.0,161.3281,4.6,246300.0,1007.8,169.4,6.3,7699.0,2.9,184.547,2050.0,1383.0,63.1,66.2,298653.0,68.8,197.8,11292.8
2006-07-01,13870.188,1763.0,1737.0,152.8727,4.7,235600.0,1007.3,169.4,7.3,7712.0,2.3,184.607,1934.0,1363.0,63.0,66.1,298910.0,68.9,199.4,11322.1
2006-08-01,13870.188,1722.0,1650.0,153.7995,4.7,235600.0,1009.2,169.4,6.7,7720.0,2.5,184.404,1877.0,1339.0,63.1,66.2,299178.0,68.9,200.0,11346.8
2006-09-01,13870.188,1655.0,1720.0,149.9671,4.5,235600.0,1011.6,169.4,6.7,7718.0,2.4,184.197,2011.0,1317.0,63.1,66.1,299452.0,68.9,201.0,11383.9
2006-10-01,14039.56,1570.0,1491.0,151.0867,4.4,245400.0,1005.8,169.4,7.3,7682.0,2.4,184.053,1918.0,1283.0,63.3,66.2,299710.0,68.8,201.0,11417.8
2006-11-01,14039.56,1535.0,1570.0,153.3176,4.5,245400.0,996.0,169.4,6.6,7666.0,2.7,183.63,1893.0,1265.0,63.3,66.3,299950.0,68.8,200.9,11479.3
2006-12-01,14039.56,1638.0,1649.0,167.7527,4.4,245400.0,989.5,169.4,6.5,7685.0,2.6,183.228,1888.0,1247.0,63.4,66.4,300178.0,68.8,200.8,11587.6
2007-01-01,14215.651,1626.0,1409.0,159.9997,4.6,257400.0,982.5,173.4,7.2,7725.0,2.4,182.718,1822.0,1217.0,63.3,66.4,300398.0,68.5,206.3,11647.1
2007-02-01,14215.651,1598.0,1480.0,153.1247,4.5,257400.0,977.3,173.6,7.9,7626.0,2.8,182.47,1640.0,1206.0,63.3,66.3,300608.0,68.5,204.3,11734.2
2007-03-01,14215.651,1596.0,1495.0,154.2676,4.4,257400.0,973.2,175.7,7.9,7706.0,3.0,182.193,1623.0,1192.0,63.3,66.2,300823.0,68.5,205.1,11821.4
2007-04-01,14402.082,1470.0,1490.0,152.5383,4.5,242200.0,966.8,188.5,7.4,7686.0,3.0,182.131,1539.0,1181.0,63.0,65.9,301045.0,68.3,210.0,11868.1
2007-05-01,14402.082,1493.0,1415.0,154.5282,4.4,242200.0,965.1,188.5,7.8,7673.0,2.8,181.884,1536.0,1164.0,63.0,66.0,301278.0,68.3,209.3,11908.7
2007-06-01,14402.082,1407.0,1448.0,149.986,4.6,242200.0,964.0,188.5,8.2,7687.0,2.7,181.54,1481.0,1161.0,63.0,66.0,301528.0,68.3,208.3,11929.2
2007-07-01,14564.117,1361.0,1354.0,150.4928,4.7,241800.0,954.4,188.5,8.3,7660.0,2.6,180.993,1534.0,1144.0,62.9,66.0,301790.0,68.0,208.8,11955.7
2007-08-01,14564.117,1321.0,1330.0,149.1233,4.6,241800.0,942.1,188.5,9.2,7610.0,2.2,180.234,1512.0,1123.0,62.7,65.8,302064.0,68.0,208.3,11963.1
2007-09-01,14564.117,1261.0,1183.0,149.8047,4.7,241800.0,936.5,188.5,9.2,7577.0,2.3,179.12099999999998,1356.0,1108.0,62.9,66.0,302334.0,68.0,210.7,12025.5
2007-10-01,14715.058,1192.0,1264.0,147.7916,4.7,238400.0,921.6,188.6,8.5,7565.0,2.2,177.52900000000002,1405.0,1096.0,62.7,65.8,302590.0,67.8,210.2,12046.8
2007-11-01,14715.058,1224.0,1197.0,151.5488,4.7,238400.0,895.0,188.6,9.4,7523.0,1.9,175.16099999999997,1390.0,1080.0,62.9,66.0,302834.0,67.8,210.1,12102.8
2007-12-01,14715.058,1149.0,1037.0,145.0394,5.0,238400.0,896.4,188.6,9.6,7490.0,2.4,173.33700000000002,1328.0,1059.0,62.7,66.0,303062.0,67.8,209.1,12182.7
2008-01-01,14706.538,1094.0,1084.0,148.6468,5.0,233900.0,886.6,189.0,9.3,7476.0,2.6,171.076,1331.0,1041.0,62.9,66.2,303280.0,67.9,208.5,12227.8
2008-02-01,14706.538,1014.0,1103.0,145.2225,4.9,233900.0,874.5,189.0,9.7,7453.0,3.0,169.19,1274.0,1025.0,62.8,66.0,303494.0,67.9,208.9,12264.9
2008-03-01,14706.538,967.0,1005.0,141.695,5.1,233900.0,867.3,189.0,10.5,7406.0,2.9,167.90200000000002,1195.0,1014.0,62.7,66.1,303707.0,67.9,208.9,12314.7
2008-04-01,14865.701,1008.0,1013.0,141.7131,5.0,235300.0,854.6,189.0,10.3,7327.0,2.4,167.322,1022.0,1009.0,62.7,65.9,303926.0,68.1,210.4,12302.6
2008-05-01,14865.701,995.0,973.0,137.6036,5.4,235300.0,840.8,188.3,10.7,7274.0,6.8,167.02,1142.0,991.0,62.5,66.1,304157.0,68.1,207.7,12879.3
2008-06-01,14865.701,1180.0,1046.0,134.7346,5.6,235300.0,824.8,188.3,10.7,7213.0,4.6,166.53599999999997,1142.0,975.0,62.4,66.1,304396.0,68.1,204.1,12661.0
2008-07-01,14898.999,921.0,923.0,135.0042,5.8,226500.0,812.7,188.7,10.5,7160.0,3.6,165.713,1087.0,955.0,62.2,66.1,304646.0,67.7,207.9,12514.8
2008-08-01,14898.999,858.0,844.0,126.4443,6.1,226500.0,800.3,190.7,11.3,7114.0,3.1,164.27700000000002,1017.0,936.0,62.0,66.1,304903.0,67.7,207.9,12426.0
2008-09-01,14898.999,797.0,820.0,122.5937,6.1,226500.0,782.5,191.2,10.9,7044.0,3.9,161.912,1160.0,904.0,61.9,66.0,305158.0,67.7,207.5,12445.0
2008-10-01,14608.209,736.0,777.0,118.4615,6.5,222500.0,766.4,197.1,11.6,6967.0,4.9,159.162,1055.0,876.0,61.7,66.0,305403.0,67.5,207.8,12446.5
2008-11-01,14608.209,626.0,652.0,110.4791,6.8,222500.0,747.5,197.1,11.4,6813.0,6.0,156.071,1076.0,842.0,61.4,65.9,305620.0,67.5,207.3,12387.1
2008-12-01,14608.209,554.0,560.0,103.7368,7.3,222500.0,732.4,197.1,11.2,6701.0,5.8,152.54399999999998,1021.0,806.0,61.0,65.8,305827.0,67.5,206.9,12238.5
2009-01-01,14430.902,545.0,490.0,95.2495,7.8,208400.0,712.1,197.1,12.2,6567.0,5.9,149.361,777.0,783.0,60.6,65.7,306035.0,67.4,211.1,12125.6
2009-02-01,14430.902,558.0,582.0,97.6872,8.3,208400.0,688.8,197.1,10.5,6446.0,5.4,147.61700000000002,819.0,756.0,60.3,65.8,306237.0,67.4,207.2,12007.4
2009-03-01,14430.902,513.0,505.0,86.881,8.7,208400.0,667.1,197.1,11.0,6291.0,5.8,146.514,839.0,717.0,59.9,65.6,306438.0,67.4,205.1,11965.3
2009-04-01,14381.236,521.0,478.0,81.9703,9.0,220900.0,655.8,197.1,10.7,6154.0,6.5,146.942,846.0,677.0,59.8,65.7,306645.0,67.4,209.5,12009.4
2009-05-01,14381.236,556.0,540.0,78.8737,9.4,220900.0,643.9,197.0,9.3,6100.0,7.8,148.16899999999998,818.0,650.0,59.6,65.7,306863.0,67.4,207.6,12179.6
2009-06-01,14381.236,601.0,585.0,78.7749,9.5,220900.0,634.9,197.0,8.5,6010.0,6.1,149.796,797.0,627.0,59.4,65.7,307090.0,67.4,204.9,12042.9
2009-07-01,14448.882,595.0,594.0,79.6953,9.5,214300.0,629.1,197.0,7.9,5932.0,5.4,150.748,797.0,611.0,59.3,65.5,307322.0,67.4,203.1,11998.4
2009-08-01,14448.882,616.0,586.0,77.1998,9.6,214300.0,620.8,197.0,7.5,5855.0,4.4,150.668,792.0,588.0,59.1,65.4,307570.0,67.4,202.1,12011.2
2009-09-01,14448.882,609.0,585.0,76.367,9.8,214300.0,612.8,197.0,7.8,5787.0,5.5,149.627,721.0,576.0,58.7,65.1,307826.0,67.4,201.9,12061.1
2009-10-01,14651.249,583.0,534.0,67.7512,10.0,219000.0,606.4,197.0,7.4,5716.0,5.1,148.584,746.0,554.0,58.5,65.0,308071.0,67.2,200.6,12069.4
2009-11-01,14651.249,623.0,588.0,74.3749,9.9,219000.0,602.3,197.0,7.6,5696.0,5.5,147.939,844.0,532.0,58.6,65.0,308289.0,67.2,199.9,12129.6
2009-12-01,14651.249,664.0,581.0,69.8002,9.9,219000.0,596.2,197.0,8.0,5654.0,5.4,146.664,750.0,517.0,58.3,64.6,308495.0,67.2,198.5,12188.2
2010-01-01,14764.61,636.0,614.0,68.4778,9.8,222900.0,583.1,196.5,8.1,5580.0,5.6,145.003,689.0,501.0,58.5,64.8,308706.0,67.2,198.4,12267.7
2010-02-01,14764.61,650.0,604.0,66.3508,9.8,222900.0,578.3,196.5,8.3,5500.0,5.3,143.054,670.0,493.0,58.5,64.9,308904.0,67.2,197.9,12267.6
2010-03-01,14764.61,687.0,636.0,74.3844,9.9,222900.0,580.3,196.5,7.1,5537.0,5.3,143.596,635.0,492.0,58.5,64.9,309095.0,67.2,196.3,12330.9
2010-04-01,14980.193,637.0,687.0,83.5931,9.9,219500.0,579.8,196.0,6.2,5553.0,6.0,145.404,737.0,488.0,58.7,65.2,309289.0,66.9,194.6,12441.8
2010-05-01,14980.193,575.0,583.0,81.0539,9.6,219500.0,578.1,196.0,9.3,5520.0,6.4,147.04,702.0,476.0,58.6,64.9,309485.0,66.9,193.3,12543.7
2010-06-01,14980.193,587.0,536.0,79.9611,9.4,219500.0,577.2,196.0,8.3,5516.0,6.2,147.705,894.0,447.0,58.5,64.6,309691.0,66.9,192.3,12550.7
2010-07-01,15141.607,579.0,546.0,78.0626,9.4,224100.0,570.2,196.0,8.9,5508.0,6.1,147.566,572.0,443.0,58.5,64.6,309913.0,66.7,191.7,12588.7
2010-08-01,15141.607,580.0,599.0,80.8866,9.5,224100.0,568.7,196.0,8.8,5524.0,6.2,146.43,592.0,444.0,58.6,64.7,310146.0,66.7,191.5,12652.9
2010-09-01,15141.607,563.0,594.0,80.733,9.5,224100.0,568.0,196.0,7.6,5501.0,6.1,144.611,632.0,439.0,58.5,64.6,310385.0,66.7,190.8,12673.4
2010-10-01,15309.474,558.0,543.0,82.9329,9.4,224300.0,563.3,196.0,8.2,5508.0,5.9,143.13,605.0,436.0,58.3,64.4,310612.0,66.5,190.0,12723.6
2010-11-01,15309.474,560.0,545.0,82.6805,9.8,224300.0,560.8,196.0,8.2,5506.0,5.8,141.819,552.0,431.0,58.2,64.6,310820.0,66.5,188.5,12765.5
2010-12-01,15309.474,632.0,539.0,80.3226,9.3,224300.0,559.7,196.0,7.0,5467.0,6.2,140.628,565.0,427.0,58.3,64.3,311020.0,66.5,187.9,12873.1
2011-01-01,15351.448,576.0,630.0,79.0521,9.1,226900.0,556.9,196.0,7.3,5427.0,6.6,139.036,520.0,431.0,58.3,64.2,311204.0,66.5,185.8,13080.7
2011-02-01,15351.448,542.0,517.0,82.803,9.0,226900.0,559.0,196.0,8.1,5451.0,6.9,137.732,615.0,424.0,58.4,64.1,311373.0,66.5,185.4,13155.6
2011-03-01,15351.448,583.0,600.0,80.3605,9.0,226900.0,562.4,196.0,7.2,5477.0,6.3,137.785,591.0,420.0,58.4,64.2,311551.0,66.5,186.5,13178.2
2011-04-01,15557.539,581.0,554.0,80.2154,9.1,228100.0,563.5,196.0,6.7,5485.0,6.3,139.158,549.0,417.0,58.4,64.2,311740.0,66.0,189.0,13212.8
2011-05-01,15557.539,618.0,561.0,83.0405,9.0,228100.0,560.1,198.8,6.6,5516.0,6.3,140.69299999999998,549.0,415.0,58.3,64.1,311935.0,66.0,188.0,13239.1
2011-06-01,15557.539,636.0,608.0,85.5086,9.1,228100.0,567.5,198.8,6.6,5528.0,6.5,141.945,579.0,416.0,58.2,64.0,312147.0,66.0,186.9,13295.7
2011-07-01,15647.68,621.0,623.0,86.6224,9.0,223500.0,565.1,198.8,6.7,5547.0,6.7,142.343,634.0,417.0,58.2,64.0,312372.0,66.1,188.6,13375.8
2011-08-01,15647.68,647.0,585.0,88.4423,9.0,223500.0,564.4,198.8,6.5,5552.0,6.7,141.786,614.0,414.0,58.3,64.1,312605.0,66.1,187.8,13400.3
2011-09-01,15647.68,610.0,650.0,87.5078,9.0,223500.0,565.6,198.8,6.3,5584.0,6.4,140.16899999999998,603.0,417.0,58.4,64.2,312842.0,66.1,189.3,13401.5
2011-10-01,15842.259,671.0,610.0,88.3034,8.8,221100.0,571.7,199.4,6.0,5588.0,6.3,138.41,566.0,422.0,58.4,64.1,313060.0,65.9,180.8,13406.4
2011-11-01,15842.259,706.0,711.0,87.7571,8.6,221100.0,571.9,199.4,5.7,5593.0,6.4,136.666,585.0,433.0,58.6,64.1,313260.0,65.9,181.9,13419.7
2011-12-01,15842.259,697.0,694.0,92.3676,8.5,221100.0,575.0,199.3,5.3,5611.0,7.2,135.167,610.0,434.0,58.6,64.0,313454.0,65.9,182.5,13548.9
2012-01-01,16068.805,712.0,723.0,95.8403,8.3,238400.0,575.2,199.3,5.3,5626.0,7.4,134.168,545.0,441.0,58.4,63.7,313636.0,65.6,185.4,13631.6
2012-02-01,16068.805,738.0,704.0,95.3474,8.3,238400.0,576.8,199.3,4.8,5629.0,7.3,133.997,561.0,450.0,58.5,63.8,313811.0,65.6,185.8,13731.1
2012-03-01,16068.805,806.0,695.0,93.6095,8.2,238400.0,573.0,199.3,4.9,5625.0,7.6,135.865,582.0,458.0,58.5,63.8,313993.0,65.6,185.2,13798.5
2012-04-01,16207.115,732.0,753.0,94.8689,8.2,238700.0,572.0,199.3,4.9,5618.0,7.9,138.471,671.0,463.0,58.4,63.7,314176.0,65.6,187.2,13868.1
2012-05-01,16207.115,796.0,708.0,92.7701,8.2,238700.0,574.0,200.8,4.7,5604.0,7.9,141.048,626.0,474.0,58.5,63.7,314368.0,65.6,188.7,13850.3
2012-06-01,16207.115,794.0,757.0,91.4465,8.2,238700.0,576.2,200.7,4.8,5621.0,7.9,143.16899999999998,625.0,486.0,58.6,63.8,314576.0,65.6,188.8,13837.1
2012-07-01,16319.541,849.0,740.0,90.0581,8.2,248800.0,583.4,200.7,4.6,5632.0,7.0,144.283,676.0,490.0,58.5,63.7,314796.0,65.4,188.3,13752.9
2012-08-01,16319.541,840.0,754.0,90.1465,8.1,248800.0,584.8,200.7,4.6,5648.0,6.7,144.70600000000002,684.0,495.0,58.4,63.5,315031.0,65.4,189.0,13768.5
2012-09-01,16319.541,930.0,847.0,89.7802,7.8,248800.0,586.5,200.7,4.5,5661.0,7.2,144.357,652.0,511.0,58.7,63.6,315264.0,65.4,189.1,13914.1
2012-10-01,16420.419,887.0,915.0,91.4772,7.8,251700.0,582.7,200.7,4.9,5674.0,7.8,143.967,730.0,520.0,58.8,63.8,315485.0,65.3,188.8,14049.2
2012-11-01,16420.419,917.0,833.0,95.9137,7.7,251700.0,590.9,200.7,4.6,5684.0,8.7,143.959,668.0,534.0,58.7,63.6,315692.0,65.3,189.1,14230.7
2012-12-01,16420.419,941.0,976.0,96.1474,7.9,251700.0,594.7,200.7,4.5,5724.0,10.9,143.866,677.0,551.0,58.7,63.7,315877.0,65.3,188.3,14581.4
2013-01-01,16648.189,940.0,888.0,98.907,8.0,258400.0,595.6,201.4,4.0,5746.0,4.9,144.31,714.0,559.0,58.6,63.7,316038.0,65.2,194.7,13880.4
2013-02-01,16648.189,980.0,962.0,100.6487,7.7,258400.0,597.9,201.4,4.1,5784.0,4.7,145.161,729.0,581.0,58.6,63.4,316191.0,65.2,194.4,13902.0
2013-03-01,16648.189,936.0,1010.0,100.5747,7.5,258400.0,601.9,201.4,4.2,5802.0,4.8,147.96,816.0,596.0,58.5,63.3,316357.0,65.2,194.6,13932.2
2013-04-01,16728.687,1012.0,835.0,95.5687,7.6,268100.0,607.6,203.8,4.4,5796.0,5.1,150.968,712.0,606.0,58.6,63.4,316535.0,65.1,196.2,13974.9
2013-05-01,16728.687,1003.0,930.0,99.5607,7.5,268100.0,610.4,203.8,4.6,5829.0,5.3,153.859,708.0,620.0,58.6,63.4,316729.0,65.1,197.5,14052.5
2013-06-01,16728.687,942.0,839.0,101.1157,7.5,268100.0,610.8,203.8,4.1,5855.0,5.4,156.42700000000002,736.0,629.0,58.6,63.4,316934.0,65.1,197.5,14083.9
2013-07-01,16953.838,997.0,880.0,101.9294,7.3,264800.0,610.6,203.8,5.5,5859.0,5.2,158.286,784.0,640.0,58.7,63.3,317156.0,65.2,197.2,14072.0
2013-08-01,16953.838,964.0,917.0,103.143,7.2,264800.0,613.8,201.8,5.5,5878.0,5.2,159.394,765.0,654.0,58.7,63.3,317397.0,65.2,197.7,14117.3
2013-09-01,16953.838,1004.0,850.0,105.1505,7.2,264800.0,615.1,201.8,5.4,5910.0,5.3,159.672,776.0,661.0,58.7,63.2,317635.0,65.2,197.6,14181.7
2013-10-01,17192.019,1044.0,925.0,103.4174,7.2,273600.0,621.2,201.8,4.9,5931.0,4.7,159.556,801.0,670.0,58.3,62.8,317864.0,65.1,197.9,14152.3
2013-11-01,17192.019,1029.0,1100.0,100.2048,6.9,273600.0,625.8,201.8,5.0,5963.0,4.5,159.364,839.0,687.0,58.6,63.0,318076.0,65.1,198.0,14209.6
2013-12-01,17192.019,1005.0,1002.0,99.2019,6.7,273600.0,628.6,201.8,5.2,5932.0,4.5,159.281,778.0,707.0,58.7,62.9,318276.0,65.1,197.4,14266.5
2014-01-01,17197.738,976.0,888.0,96.8279,6.6,275200.0,632.4,207.0,5.1,5985.0,5.2,159.368,838.0,713.0,58.8,62.9,318464.0,64.9,200.8,14369.2
2014-02-01,17197.738,1039.0,944.0,96.6639,6.7,275200.0,641.6,207.0,5.3,6007.0,5.3,159.871,876.0,714.0,58.7,62.9,318642.0,64.9,199.2,14456.4
2014-03-01,17197.738,1067.0,970.0,98.2095,6.7,275200.0,642.4,207.0,5.6,6038.0,5.2,161.188,893.0,726.0,58.9,63.1,318827.0,64.9,199.3,14555.0
2014-04-01,17518.508,1090.0,1043.0,99.8622,6.2,288000.0,650.5,207.0,5.7,6084.0,5.4,162.968,834.0,743.0,58.9,62.8,319020.0,64.8,207.0,14624.5
2014-05-01,17518.508,1018.0,1007.0,103.247,6.3,288000.0,650.0,207.0,5.2,6109.0,5.6,164.683,891.0,754.0,58.9,62.9,319225.0,64.8,207.1,14689.5
2014-06-01,17518.508,1010.0,911.0,102.0049,6.1,288000.0,657.1,207.0,5.7,6133.0,5.6,166.21200000000002,800.0,771.0,59.0,62.8,319438.0,64.8,207.0,14760.1
2014-07-01,17804.228,1076.0,1085.0,104.798,6.2,281000.0,665.1,207.0,6.2,6178.0,5.5,167.136,839.0,790.0,59.0,62.9,319670.0,64.3,207.0,14821.1
2014-08-01,17804.228,1047.0,984.0,103.4822,6.1,281000.0,669.8,207.0,5.4,6210.0,5.3,167.451,908.0,793.0,59.0,62.9,319919.0,64.3,207.8,14894.2
2014-09-01,17804.228,1077.0,1023.0,106.4102,5.9,281000.0,677.3,207.0,5.4,6242.0,5.5,167.241,975.0,797.0,59.1,62.8,320166.0,64.3,208.8,14951.2
2014-10-01,17912.079,1094.0,1074.0,107.4771,5.7,298900.0,674.1,207.0,5.3,6259.0,5.4,166.91,920.0,806.0,59.3,62.9,320403.0,63.9,210.5,15022.7
2014-11-01,17912.079,1059.0,1001.0,99.994,5.8,298900.0,676.7,207.0,5.7,6272.0,5.6,166.657,863.0,814.0,59.2,62.9,320616.0,63.9,210.3,15094.0
2014-12-01,17912.079,1072.0,1073.0,107.8144,5.6,298900.0,672.6,207.1,5.1,6293.0,6.0,166.459,955.0,826.0,59.3,62.8,320815.0,63.9,210.0,15170.9
2015-01-01,18063.529,1049.0,1085.0,108.0196,5.7,289200.0,680.1,208.2,4.8,6320.0,6.3,166.24900000000002,954.0,830.0,59.3,62.9,320997.0,63.8,217.3,15230.8
2015-02-01,18063.529,1127.0,886.0,98.3234,5.5,289200.0,680.4,208.2,4.5,6361.0,6.4,166.63,863.0,830.0,59.2,62.7,321164.0,63.8,217.7,15313.3
2015-03-01,18063.529,1072.0,960.0,98.0626,5.4,289200.0,682.1,208.2,5.1,6334.0,5.9,168.088,781.0,843.0,59.2,62.6,321344.0,63.8,217.3,15314.2
2015-04-01,18279.784,1166.0,1190.0,102.8839,5.4,289100.0,684.7,208.4,4.9,6392.0,5.9,169.96900000000002,1001.0,868.0,59.3,62.8,321538.0,63.5,225.0,15373.5
2015-05-01,18279.784,1272.0,1079.0,104.7122,5.6,289100.0,690.0,208.4,5.0,6427.0,5.8,171.85,1012.0,878.0,59.4,62.9,321740.0,63.5,224.4,15442.7
2015-06-01,18279.784,1379.0,1205.0,107.4307,5.3,289100.0,688.5,208.4,5.4,6441.0,5.7,173.45,962.0,896.0,59.4,62.7,321954.0,63.5,223.7,15479.0
2015-07-01,18401.626,1140.0,1146.0,112.8845,5.2,295800.0,697.7,208.4,5.2,6472.0,5.6,174.49599999999998,988.0,908.0,59.3,62.6,322186.0,63.6,223.9,15518.6
2015-08-01,18401.626,1165.0,1130.0,114.3793,5.1,295800.0,698.2,208.4,5.0,6490.0,5.6,174.938,974.0,921.0,59.4,62.6,322427.0,63.6,224.8,15550.5
2015-09-01,18401.626,1144.0,1224.0,114.5231,5.0,295800.0,699.8,208.4,5.9,6508.0,5.8,175.044,1040.0,939.0,59.2,62.4,322670.0,63.6,224.1,15570.5
2015-10-01,18435.137,1160.0,1058.0,113.241,5.0,302500.0,702.6,208.4,5.6,6547.0,5.8,175.049,985.0,943.0,59.3,62.5,322901.0,63.7,224.3,15608.0
2015-11-01,18435.137,1244.0,1172.0,112.7522,5.1,302500.0,708.9,208.4,5.5,6598.0,5.6,175.141,1000.0,962.0,59.4,62.5,323113.0,63.7,223.8,15615.4
2015-12-01,18435.137,1211.0,1146.0,119.8456,5.0,302500.0,712.9,208.4,5.1,6630.0,5.8,175.114,1023.0,970.0,59.6,62.7,323318.0,63.7,224.1,15668.4
2016-01-01,18525.933,1171.0,1092.0,116.7888,4.8,299800.0,714.2,214.8,5.6,6631.0,6.1,175.03400000000002,1056.0,968.0,59.7,62.7,323509.0,63.5,231.5,15695.5
2016-02-01,18525.933,1172.0,1225.0,119.0626,4.9,299800.0,717.0,214.8,5.5,6640.0,5.6,175.27900000000002,1037.0,982.0,59.8,62.8,323687.0,63.5,229.3,15695.9
2016-03-01,18525.933,1118.0,1111.0,118.9009,5.0,299800.0,720.5,215.0,5.5,6678.0,5.9,176.6,1003.0,987.0,59.8,63.0,323871.0,63.5,229.6,15731.6
2016-04-01,18711.702,1160.0,1163.0,109.6192,5.1,306000.0,726.2,215.7,5.0,6702.0,5.5,178.49400000000003,945.0,998.0,59.7,62.9,324061.0,63.1,233.4,15758.9
2016-05-01,18711.702,1205.0,1148.0,107.7492,4.8,306000.0,726.8,215.7,5.1,6689.0,5.3,180.343,1000.0,1010.0,59.7,62.7,324260.0,63.1,233.2,15777.2
2016-06-01,18711.702,1208.0,1203.0,110.7745,4.9,306000.0,727.4,215.7,5.3,6701.0,4.9,181.914,1109.0,1016.0,59.7,62.7,324476.0,63.1,233.7,15821.4
2016-07-01,18892.639,1198.0,1239.0,105.8163,4.8,303800.0,728.1,215.7,4.5,6735.0,5.1,183.016,1072.0,1033.0,59.8,62.8,324697.0,63.4,235.4,15891.5
2016-08-01,18892.639,1201.0,1171.0,105.2523,4.9,303800.0,734.3,215.7,5.0,6736.0,5.1,183.654,1054.0,1038.0,59.8,62.9,324924.0,63.4,235.1,15931.3
2016-09-01,18892.639,1303.0,1068.0,105.2719,5.0,303800.0,744.9,215.7,5.2,6768.0,5.1,183.944,1035.0,1038.0,59.7,62.9,325155.0,63.4,234.9,15999.1
2016-10-01,19089.379,1254.0,1313.0,106.2018,4.9,310900.0,743.8,215.7,5.2,6799.0,5.3,184.018,1070.0,1053.0,59.7,62.8,325368.0,63.5,234.7,16059.4
2016-11-01,19089.379,1230.0,1140.0,107.0915,4.7,310900.0,744.0,215.7,5.2,6823.0,5.4,184.231,1244.0,1042.0,59.7,62.7,325562.0,63.5,234.9,16107.6
2016-12-01,19089.379,1248.0,1252.0,103.4522,4.7,310900.0,741.9,215.7,5.4,6818.0,5.0,184.403,1101.0,1057.0,59.7,62.7,325742.0,63.5,233.9,16182.5
2017-01-01,19280.084,1296.0,1190.0,103.6667,4.7,313100.0,744.3,217.4,5.4,6840.0,5.3,184.654,1081.0,1063.0,59.9,62.8,325901.0,63.6,238.9,16293.3
2017-02-01,19280.084,1237.0,1271.0,109.3678,4.6,313100.0,747.6,217.4,5.3,6881.0,5.6,185.02,1148.0,1070.0,60.0,62.9,326050.0,63.6,239.4,16363.5
2017-03-01,19280.084,1273.0,1190.0,104.1273,4.4,313100.0,746.5,217.2,5.0,6902.0,5.6,186.529,1147.0,1071.0,60.2,62.9,326207.0,63.6,239.3,16415.1
2017-04-01,19438.643,1239.0,1146.0,99.4783,4.4,318200.0,745.1,219.2,5.4,6916.0,5.7,188.543,1069.0,1075.0,60.2,63.0,326371.0,63.9,245.3,16476.0
2017-05-01,19438.643,1205.0,1157.0,98.5261,4.4,318200.0,747.2,219.2,5.1,6931.0,6.3,190.54,1170.0,1071.0,60.1,62.8,326548.0,63.9,245.5,16573.2
2017-06-01,19438.643,1353.0,1249.0,98.5578,4.3,318200.0,747.5,219.2,5.3,6962.0,6.0,192.267,1236.0,1073.0,60.1,62.8,326743.0,63.9,245.4,16604.0
2017-07-01,19692.595,1254.0,1206.0,96.7684,4.3,320500.0,753.2,219.2,5.8,6968.0,6.0,193.512,1173.0,1075.0,60.2,62.9,326939.0,63.9,245.6,16665.9
2017-08-01,19692.595,1336.0,1159.0,96.8806,4.4,320500.0,752.7,226.7,6.1,7002.0,6.1,194.347,1107.0,1083.0,60.1,62.9,327140.0,63.9,245.6,16733.7
2017-09-01,19692.595,1277.0,1181.0,96.879,4.3,320500.0,752.2,248.0,5.3,7013.0,5.9,194.818,1113.0,1093.0,60.4,63.1,327342.0,63.9,244.7,16841.9
2017-10-01,20037.088,1360.0,1257.0,98.9506,4.2,337900.0,759.7,248.0,5.5,7031.0,6.0,195.085,1196.0,1101.0,60.1,62.7,327528.0,64.0,243.8,16930.8
2017-11-01,20037.088,1295.0,1273.0,101.8784,4.2,337900.0,763.3,248.0,4.8,7068.0,5.6,195.452,1182.0,1107.0,60.1,62.7,327699.0,64.0,243.4,16997.5
2017-12-01,20037.088,1312.0,1177.0,102.0626,4.1,337900.0,772.5,248.0,5.6,7091.0,5.0,195.848,1200.0,1100.0,60.1,62.7,327848.0,64.0,243.3,17058.2
2018-01-01,20328.553,1311.0,1299.0,100.0281,4.0,331800.0,776.7,230.9,6.0,7093.0,5.7,196.114,1208.0,1105.0,60.1,62.7,327969.0,64.2,246.8,17141.7
2018-02-01,20328.553,1331.0,1277.0,101.3911,4.1,331800.0,785.2,230.9,5.7,7184.0,5.8,196.901,1288.0,1109.0,60.4,63.0,328085.0,64.2,246.6,17204.1
2018-03-01,20328.553,1381.0,1318.0,100.3022,4.0,331800.0,787.9,240.5,5.2,7194.0,5.9,198.57,1181.0,1121.0,60.4,62.9,328219.0,64.2,246.5,17268.2
2018-04-01,20580.912,1365.0,1276.0,102.4601,4.0,315600.0,792.9,242.7,5.6,7212.0,6.0,200.615,1224.0,1124.0,60.4,62.9,328364.0,64.5,248.1,17328.7
2018-05-01,20580.912,1331.0,1357.0,105.2745,3.8,315600.0,798.1,245.0,5.5,7274.0,6.0,202.453,1262.0,1131.0,60.5,62.9,328521.0,64.5,249.2,17404.4
2018-06-01,20580.912,1338.0,1192.0,103.0784,4.0,315600.0,802.2,245.0,5.8,7292.0,6.3,204.043,1212.0,1126.0,60.5,63.0,328692.0,64.5,251.0,17488.4
2018-07-01,20798.73,1333.0,1208.0,103.6884,3.8,330900.0,803.0,245.1,6.0,7318.0,6.5,204.95,1150.0,1127.0,60.6,63.0,328863.0,64.4,250.3,17587.6
2018-08-01,20798.73,1293.0,1288.0,103.0046,3.8,330900.0,802.1,250.6,6.5,7347.0,6.6,205.327,1262.0,1129.0,60.3,62.6,329040.0,64.4,249.6,17664.0
2018-09-01,20798.73,1320.0,1250.0,100.7646,3.7,330900.0,803.8,250.6,6.6,7375.0,6.8,205.373,1187.0,1135.0,60.4,62.8,329216.0,64.4,249.7,17693.5
2018-10-01,20917.867,1280.0,1221.0,100.0901,3.8,322800.0,803.4,250.6,7.2,7389.0,6.7,205.368,1122.0,1141.0,60.5,62.9,329379.0,64.6,250.3,17749.8
2018-11-01,20917.867,1334.0,1181.0,95.3075,3.8,322800.0,808.8,250.6,6.4,7386.0,6.5,205.105,1131.0,1144.0,60.6,62.9,329527.0,64.6,249.9,17795.7
2018-12-01,20917.867,1320.0,1095.0,96.3338,3.9,322800.0,812.7,249.0,7.6,7396.0,8.4,204.697,1053.0,1148.0,60.6,63.0,329659.0,64.6,249.9,18012.4
2019-01-01,21104.133,1254.0,1232.0,102.6488,4.0,313000.0,816.2,250.7,7.0,7424.0,8.2,204.203,1258.0,1152.0,60.6,63.1,329766.0,64.2,252.7,18053.9
2019-02-01,21104.133,1302.0,1128.0,98.9187,3.8,313000.0,813.7,250.5,6.4,7396.0,8.5,204.432,1334.0,1140.0,60.7,63.1,329862.0,64.2,252.1,18151.4
2019-03-01,21104.133,1291.0,1195.0,97.4072,3.8,313000.0,816.9,252.4,5.7,7422.0,7.9,205.781,1301.0,1125.0,60.6,63.0,329977.0,64.2,251.2,18229.5
2019-04-01,21384.775,1298.0,1267.0,98.5315,3.6,322500.0,811.0,253.3,5.8,7459.0,7.7,207.694,1329.0,1123.0,60.6,62.9,330103.0,64.3,255.6,18262.1
2019-05-01,21384.775,1338.0,1307.0,98.1995,3.7,322500.0,812.2,256.5,6.7,7486.0,7.3,209.358,1226.0,1132.0,60.6,62.9,330240.0,64.3,258.1,18277.0
2019-06-01,21384.775,1301.0,1228.0,98.042,3.6,322500.0,815.6,254.1,5.2,7511.0,7.1,210.593,1169.0,1142.0,60.7,63.0,330393.0,64.3,257.7,18310.5
2019-07-01,21694.282,1347.0,1245.0,102.4513,3.7,318400.0,817.5,253.4,5.9,7525.0,6.8,211.344,1219.0,1146.0,60.8,63.1,330553.0,64.7,255.5,18328.6
2019-08-01,21694.282,1528.0,1367.0,103.3392,3.7,318400.0,824.7,252.1,5.4,7530.0,7.0,211.703,1294.0,1149.0,60.8,63.1,330729.0,64.7,255.4,18423.6
2019-09-01,21694.282,1491.0,1300.0,106.1046,3.5,318400.0,825.8,253.4,5.4,7551.0,7.2,211.881,1150.0,1161.0,61.0,63.2,330904.0,64.7,255.5,18474.4
2019-10-01,21902.39,1538.0,1332.0,102.4713,3.6,327100.0,828.6,251.1,5.3,7556.0,7.3,211.974,1294.0,1160.0,61.0,63.3,331066.0,65.0,255.4,18549.5
2019-11-01,21902.39,1522.0,1346.0,97.2591,3.6,327100.0,830.7,251.9,5.4,7545.0,7.1,212.112,1244.0,1165.0,61.0,63.3,331213.0,65.0,255.1,18630.7
2019-12-01,21902.39,1461.0,1551.0,100.0059,3.6,327100.0,828.2,252.7,5.6,7528.0,6.4,212.243,1310.0,1177.0,61.0,63.3,331345.0,65.0,255.0,18583.8
2020-01-01,21706.513,1500.0,1572.0,107.993,3.5,329000.0,828.4,252.9,5.7,7580.0,7.2,212.404,1302.0,1195.0,61.1,63.3,331443.0,65.3,254.2,18821.5
2020-02-01,21706.513,1440.0,1565.0,105.8406,3.5,329000.0,837.2,253.7,5.6,7608.0,7.7,213.224,1271.0,1213.0,61.1,63.3,331525.0,65.3,253.9,18925.6
2020-03-01,21706.513,1348.0,1267.0,100.6725,4.4,329000.0,833.5,257.2,6.5,7539.0,12.5,215.2,1247.0,1215.0,59.8,62.6,331634.0,65.3,253.9,18577.4
2020-04-01,19913.143,1050.0,925.0,95.8725,14.7,322600.0,708.4,257.6,6.9,6527.0,32.0,217.245,1207.0,1193.0,51.3,60.1,331684.0,68.0,257.2,20750.9
2020-05-01,19913.143,1253.0,1054.0,99.8972,13.2,322600.0,773.6,263.3,5.4,7009.0,22.7,218.493,1171.0,1180.0,52.7,60.8,331685.0,68.0,256.2,19877.2
2020-06-01,19913.143,1329.0,1266.0,104.5993,11.0,322600.0,793.6,263.3,3.8,7170.0,18.4,219.82,1244.0,1183.0,54.7,61.5,331728.0,68.0,258.4,19920.9
2020-07-01,21647.64,1526.0,1529.0,105.4513,10.2,337500.0,803.1,261.4,3.4,7195.0,17.9,221.578,1314.0,1201.0,55.2,61.5,331795.0,67.3,259.7,20191.5
2020-08-01,21647.64,1564.0,1377.0,103.4103,8.4,337500.0,810.0,261.4,3.3,7225.0,14.0,224.05900000000003,1238.0,1213.0,56.5,61.7,331870.0,67.3,259.6,19594.2
2020-09-01,21647.64,1643.0,1463.0,101.6846,7.9,337500.0,818.9,263.3,3.4,7256.0,13.2,226.812,1446.0,1218.0,56.6,61.4,331950.0,67.3,259.8,19744.9
2020-10-01,22024.502,1622.0,1537.0,102.824,6.9,358700.0,827.2,263.3,3.3,7310.0,12.8,229.824,1370.0,1228.0,57.4,61.7,332025.0,65.7,259.7,19758.5
2020-11-01,22024.502,1713.0,1545.0,104.775,6.7,358700.0,828.0,263.3,4.0,7317.0,12.1,232.33,1240.0,1248.0,57.4,61.5,332063.0,65.7,259.5,19610.4
2020-12-01,22024.502,1760.0,1663.0,105.794,6.7,358700.0,837.6,263.3,4.1,7355.0,12.0,234.381,1386.0,1262.0,57.4,61.5,332047.0,65.7,259.6,19775.2
2021-01-01,22600.185,1866.0,1602.0,107.7894,6.3,369800.0,842.5,263.5,4.0,7363.0,19.3,236.456,1344.0,1282.0,57.5,61.3,331992.0,65.6,260.7,21760.9
2021-02-01,22600.185,1700.0,1422.0,94.1235,6.2,369800.0,846.2,264.4,4.9,7291.0,12.8,239.238,1322.0,1286.0,57.6,61.4,331968.0,65.6,261.3,20254.0
2021-03-01,22600.185,1731.0,1700.0,99.3792,6.1,369800.0,858.0,264.3,4.4,7395.0,26.1,244.234,1459.0,1308.0,57.8,61.5,332007.0,65.6,261.2,24471.8
2021-04-01,23292.362,1714.0,1484.0,102.5381,6.1,382600.0,854.3,265.7,4.7,7406.0,12.3,249.841,1438.0,1320.0,57.9,61.6,332073.0,65.5,268.0,21304.2
2021-05-01,23292.362,1680.0,1600.0,99.2814,5.8,382600.0,855.8,269.0,5.6,7394.0,9.9,255.465,1337.0,1338.0,58.0,61.5,332144.0,65.5,268.2,20899.7
2021-06-01,23292.362,1644.0,1661.0,96.703,5.9,382600.0,857.8,269.0,5.8,7400.0,8.7,261.188,1298.0,1372.0,58.0,61.7,332231.0,65.5,268.4,20934.3
2021-07-01,23828.973,1618.0,1593.0,95.8351,5.4,411200.0,867.2,271.816,5.7,7415.0,9.4,265.524,1361.0,1387.0,58.4,61.8,332358.0,65.4,269.453,21156.5
2021-08-01,23828.973,1837.0,1576.0,95.9847,5.2,411200.0,873.6,271.816,6.5,7431.0,8.7,268.8,1312.0,1412.0,58.6,61.7,332489.0,65.4,271.193,21207.3
2021-09-01,23828.973,1636.0,1560.0,96.9222,4.8,411200.0,879.9,271.816,6.0,7472.0,7.2,271.455,1232.0,1437.0,58.8,61.7,332594.0,65.4,271.694,21051.2
2021-10-01,24654.603,1727.0,1572.0,97.2735,4.5,423600.0,882.8,271.816,6.8,7514.0,6.6,273.66700000000003,1259.0,1464.0,59.0,61.8,332692.0,65.5,271.977,21201.4
2021-11-01,24654.603,1775.0,1712.0,101.2447,4.2,423600.0,889.2,278.675,6.0,7560.0,6.2,276.035,1389.0,1493.0,59.4,61.9,332790.0,65.5,270.722,21297.7
2021-12-01,24654.603,1948.0,1787.0,105.87,3.9,423600.0,896.4,278.675,5.6,7594.0,6.1,278.613,1337.0,1526.0,59.5,62.0,332876.0,65.5,271.163,21352.9
2022-01-01,25029.116,1898.0,1669.0,102.9497,4.0,433100.0,902.9,293.546,5.8,7590.0,4.1,281.99,1256.0,1553.0,59.7,62.2,332918.0,65.4,280.267,21294.8
2022-02-01,25029.116,1817.0,1771.0,101.875,3.8,433100.0,910.6,301.302,6.2,7669.0,4.1,287.224,1371.0,1581.0,59.8,62.2,332959.0,65.4,281.955,21426.2
2022-03-01,25029.116,1877.0,1713.0,101.5162,3.6,433100.0,913.6,301.302,7.0,7692.0,3.4,295.04400000000004,1356.0,1631.0,60.1,62.4,333056.0,65.4,281.915,21510.5
2022-04-01,25544.273,1795.0,1803.0,97.823,3.6,449300.0,918.3,304.653,8.5,7698.0,3.1,301.695,1361.0,1669.0,59.9,62.2,333184.0,65.9,287.439,21581.3
2022-05-01,25544.273,1708.0,1543.0,98.8438,3.6,449300.0,925.1,304.653,8.3,7736.0,3.1,306.472,1446.0,1680.0,60.0,62.3,333317.0,65.9,287.567,21657.1
2022-06-01,25544.273,1701.0,1561.0,100.5367,3.6,449300.0,921.4,309.714,9.5,7749.0,2.7,308.266,1392.0,1688.0,59.9,62.2,333460.0,65.9,288.522,21740.7
2022-07-01,25994.639,1658.0,1371.0,99.3388,3.5,468000.0,924.1,309.714,10.1,7773.0,3.5,307.10400000000004,1396.0,1683.0,59.9,62.1,333624.0,66.0,296.731,21910.5
2022-08-01,25994.639,1586.0,1505.0,97.9552,3.7,468000.0,924.5,309.714,8.7,7781.0,3.2,303.658,1355.0,1702.0,60.1,62.3,333799.0,66.0,299.595,22024.3
2022-09-01,25994.639,1588.0,1463.0,98.9721,3.5,468000.0,924.6,310.892,9.7,7797.0,3.0,300.481,1438.0,1698.0,60.1,62.3,333976.0,66.0,301.55,22121.5
2022-10-01,26408.405,1555.0,1432.0,99.6175,3.7,479500.0,929.5,310.892,9.7,7814.0,3.0,298.707,1348.0,1710.0,60.0,62.2,334141.0,65.9,306.085,22242.2
2022-11-01,26408.405,1402.0,1427.0,92.0686,3.6,479500.0,929.0,310.892,9.4,7833.0,3.3,296.904,1543.0,1695.0,59.9,62.2,334287.0,65.9,307.269,22267.7
2022-12-01,26408.405,1409.0,1357.0,92.3086,3.5,479500.0,934.3,310.892,8.5,7859.0,3.4,294.392,1390.0,1696.0,60.1,62.3,334420.0,65.9,307.445,22312.3
2023-01-01,26813.601,1354.0,1340.0,95.9918,3.4,429000.0,935.8,331.353,8.1,7885.0,4.4,292.82,1377.0,1695.0,60.2,62.4,334533.0,66.0,322.376,22525.3
